question,question_ids,answer,answer_ids
"'s 335 votes. White ran for election to his seat in 1793 against Page, Thomas Buck, and James Singleton.","[18, 94, 204, 30946, 11956, 204, 25, 4339, 6328, 312, 6675, 271, 545, 6106, 272, 204, 14824, 30, 1542, 7846, 204, 23, 6962, 15144, 204, 23, 273, 4826, 5215, 12517, 204, 25]",ceived,8806
 with a long tail and a relatively small head. Adults had skulls up to 56 cm ( 22 in ) long and were up to,"[335, 241, 916, 6804, 273, 241, 6976, 1385, 1319, 204, 25, 30731, 618, 23046, 94, 510, 271, 204, 5499, 6401, 204, 19, 204, 1671, 272, 204, 20, 916, 273, 646, 510, 271]",techn,18355
" the position, recommending former Band of Joy drummer John Bonham. Jones inquired about the vacant position at the suggestion of his wife after Dreja dropped out","[248, 2524, 204, 23, 34499, 3734, 10546, 275, 13983, 37561, 2345, 7321, 3656, 204, 25, 8447, 58229, 544, 248, 31523, 2524, 388, 248, 14722, 275, 545, 4162, 852, 33875, 4404, 7623, 495]",Growing,39772
" were reformed, still with the 137th ( Staffordshire ) Brigade of 46th ( North Midland ) Division. In","[646, 8536, 269, 204, 23, 1102, 335, 248, 204, 19469, 420, 204, 19, 41295, 13500, 204, 20, 46974, 275, 204, 4559, 420, 204, 19, 3082, 55849, 204, 20, 9952, 204, 25, 529]", asleep,15630
" chemist, physicist, inventor and early gentleman scientist. He is largely regarded one of the founders of modern chemistry and is best known for the formulation of","[62276, 204, 23, 62080, 204, 23, 44585, 273, 2304, 23034, 18887, 204, 25, 707, 304, 9540, 15475, 532, 275, 248, 25834, 275, 3424, 16853, 273, 304, 935, 2245, 312, 248, 28313, 275]", listens,44650
 his peers during off @-@ seasons. He was a member of the Dallas Stars'staff as the team's player development consultant during,"[545, 15939, 1365, 597, 204, 43, 24, 43, 10770, 204, 25, 707, 398, 241, 3281, 275, 248, 12966, 16714, 204, 18, 2900, 345, 248, 1255, 204, 18, 94, 3850, 2138, 16245, 1365]", invite,11335
 @-@ fueled power plants and two nuclear power plants were built on the bay shores. A backlash against development led to the 1968 designation of,"[204, 43, 24, 43, 37798, 1484, 5561, 273, 847, 9048, 1484, 5561, 646, 3426, 313, 248, 14697, 37211, 204, 25, 317, 41732, 1542, 2138, 3803, 271, 248, 204, 3954, 35, 29745, 275]", Ceramic,39612
", Ontario. The university's main campus is bordered to the south by Lake Ontario, Kingston General Hospital to the southeast, city parks","[23, 13805, 204, 25, 390, 7039, 204, 18, 94, 1316, 8500, 304, 21256, 1263, 271, 248, 6520, 431, 6215, 13805, 204, 23, 37949, 4860, 7735, 271, 248, 37504, 204, 23, 2295, 14157]", safely,10772
 Field is the site where the declaration of Sabah's independence and formation of Malaysia took place. The declaration was announced by Sabah's,"[9191, 304, 248, 1692, 881, 248, 21768, 275, 12116, 943, 204, 18, 94, 14905, 273, 9962, 275, 16351, 2065, 1237, 204, 25, 390, 21768, 398, 4734, 431, 12116, 943, 204, 18, 94]",India,22630
" Making matters worse, within the city the river's bed was narrowed by encroaching construction due to demographic pressure. The supports of numerous unregulated","[13519, 7031, 6068, 204, 23, 1574, 248, 2295, 248, 8095, 204, 18, 94, 2328, 398, 31116, 431, 61236, 2594, 4474, 2159, 271, 23041, 3712, 204, 25, 390, 7244, 275, 5593, 476, 34463]", jam,10361
 A614 road and the Doncaster to Cleethorpes railway near Thorne South railway station. The railway remains close to the northern bank for most of,"[317, 41842, 3006, 273, 248, 2848, 30414, 271, 11784, 728, 252, 8945, 23745, 2578, 18492, 579, 2993, 23745, 5663, 204, 25, 390, 23745, 5517, 2469, 271, 248, 12569, 3302, 312, 758, 275]", uninterrupted,49106
" New York City borough of Queens, near the city's border with Nassau County. The complex is located next to the Long Island Jewish Medical","[1184, 2798, 2681, 44527, 275, 18323, 204, 23, 2578, 248, 2295, 204, 18, 94, 6892, 335, 47531, 540, 3402, 204, 25, 390, 3591, 304, 3890, 1407, 271, 248, 5820, 6252, 9272, 6413]", Reich,35542
 Haifa to the 1st Guards Brigade on 6 April. Gradually the division's units left the country. The division ',"[6504, 31256, 271, 248, 204, 28, 288, 48888, 46974, 313, 204, 33, 3242, 204, 25, 12647, 981, 248, 9936, 204, 18, 94, 6398, 1786, 248, 2020, 204, 25, 390, 9936, 204, 18]",Brien,35146
" did not allow reporters opportunities to ask him questions on his position. Some Canadians, including many Arab and Lebanese Canadians, criticized Harper's description","[826, 416, 1708, 19869, 4269, 271, 1383, 801, 2355, 313, 545, 2524, 204, 25, 2660, 28443, 204, 23, 1497, 860, 8065, 273, 46620, 28443, 204, 23, 27917, 22957, 204, 18, 94, 6485]", Plastic,20938
" there in 1946, but the law was unpopular and barely enforced. The Egyptian government banned infibulation in state @-@ run hospitals","[629, 272, 204, 5387, 33, 204, 23, 480, 248, 1651, 398, 50866, 273, 10311, 31635, 204, 25, 390, 22559, 2183, 17114, 1129, 518, 2009, 272, 1592, 204, 43, 24, 43, 1257, 11742]",睡,45143
" on complete autonomy, a condition rejected by the Albanian delegates, and negotiations reached a deadlock. Meanwhile, Epirote bands entered Er","[313, 2615, 29955, 204, 23, 241, 3711, 14937, 431, 248, 56183, 715, 29405, 204, 23, 273, 18382, 5283, 241, 3617, 6018, 204, 25, 16359, 204, 23, 7081, 84, 3859, 12320, 7899, 3705]", wave,8564
" Grossman threw a 4 @-@ yard touchdown pass to receiver Muhsin Muhammad, giving the Bears a 14 – 6 lead ","[26606, 1342, 12933, 241, 204, 31, 204, 43, 24, 43, 10485, 18609, 1285, 271, 16224, 24359, 23695, 27734, 204, 23, 3582, 248, 25392, 241, 204, 1279, 204, 600, 204, 33, 1210, 204]", Kyr,56419
"1 ) using Dutch brick "" of the most superior manufacture "". The Red House in Youghal, Ireland, was built of","[28, 204, 20, 1241, 14051, 13842, 204, 13, 275, 248, 758, 8975, 4980, 204, 13, 204, 25, 390, 3509, 3487, 272, 551, 754, 268, 204, 23, 9226, 204, 23, 398, 3426, 275]",antics,41831
 that the project was wholly funded by Sony,"[325, 248, 1441, 398, 26522, 14176, 431, 15311]", fotos,41111
 = = After closure =,"[204, 40, 204, 40, 2539, 16362, 204, 40]", spectacle,32898
= = Later life and death ,"[40, 204, 40, 15743, 1063, 273, 2787, 204]", baj,42133
 in 2009. A Network,"[272, 204, 853, 36, 204, 25, 317, 6782]", suit,6452
= = Meteorological history =,"[40, 204, 40, 49045, 3069, 2488, 204, 40]",ennial,33537
 for some time as a result of competition,"[312, 596, 601, 345, 241, 1226, 275, 5867]", Lance,31575
4b and to the planetary candidate orb,"[31, 77, 273, 271, 248, 42497, 8014, 29249]",ypse,34283
= = Performance history = ,"[40, 204, 40, 11398, 2488, 204, 40, 204]",arrings,20381
 – 2011 ) ,"[204, 600, 204, 626, 28, 204, 20, 204]", MIN,27941
 1910 : Historians,"[204, 6474, 27, 204, 37, 5192, 252, 3112]", meses,28545
 = = Meteorological history ,"[204, 40, 204, 40, 49045, 3069, 2488, 204]", Mixing,59071
 near the western edge of the West Group,"[2578, 248, 11627, 5753, 275, 248, 3431, 3814]", Webster,38331
"ī meaning "" mother "" in","[35206, 4113, 204, 13, 3116, 204, 13, 272]", underneath,15636
", Harvard University, Cambridge,","[23, 15764, 2000, 204, 23, 15570, 204, 23]", Krank,59040
 their first canceled appearances in Washington from August,"[525, 772, 27127, 19893, 272, 4868, 427, 3333]",reichen,53195
= = Distribution and conservation =,"[40, 204, 40, 27480, 273, 14528, 204, 40]",absor,60729
 Not all passengers were happy with the new,"[2203, 455, 14414, 646, 2890, 335, 248, 627]", Restaurant,14869
 air and blocked sea breezes from South,"[1829, 273, 15018, 5426, 16098, 8413, 427, 2993]", Indie,48380
", along with Ashley Massaro ","[204, 23, 1858, 335, 22927, 6262, 11586, 204]", comorbid,55019
", who now started to close on V","[23, 569, 849, 2075, 271, 2469, 313, 553]", lime,20824
= = = = Atlantids = = =,"[40, 204, 40, 204, 40, 204, 40, 7009, 384, 1703, 204, 40, 204, 40, 204, 40]", albums,17968
" at Sound Works Studios, Astoria, New York, New York","[388, 11625, 8397, 19930, 204, 23, 11287, 5825, 204, 23, 1184, 2798, 204, 23, 1184, 2798]",ningen,28122
" by Arnthor Birgisson, Max Martin and Savan Kote","[431, 1118, 404, 1589, 21514, 82, 24977, 204, 23, 6275, 7772, 273, 10468, 257, 531, 1401]",uv,8250
" 100 @,@ 000 ha ) of land to the United","[204, 1425, 204, 43, 23, 43, 204, 1321, 374, 204, 20, 275, 2168, 271, 248, 2522]",tensor,40958
 European matches. Liverpool scored in the second minute of the match through Kevin Kee,"[4588, 9307, 204, 25, 20292, 10893, 272, 248, 1459, 5614, 275, 248, 3185, 788, 11600, 32064]", Fotos,55465
1922. The two toured Italy in 1923 and lived on the,"[6182, 29, 204, 25, 390, 847, 48777, 8410, 272, 204, 6182, 30, 273, 6282, 313, 248]",ansom,23551
 an unusually large ( 18 @-@ metre or 59 ,"[267, 39423, 1902, 204, 19, 204, 1121, 204, 43, 24, 43, 54713, 379, 204, 5587, 204]", pomp,48603
 = = 1943 – 45 = = ,"[204, 40, 204, 40, 204, 5387, 30, 204, 600, 204, 2617, 204, 40, 204, 40, 204]",śl,34491
" This last was rebutted by Charles Samuel Myers, writing in Nature,","[735, 1143, 398, 56614, 7287, 431, 8776, 19854, 31022, 204, 23, 2607, 272, 11550, 204, 23]",CLUDE,61391
" Prajñānam brahma "" - "" Consciousness is Bra","[13023, 85, 3097, 13006, 7687, 4569, 16752, 204, 13, 204, 24, 204, 13, 60394, 304, 5425]",ton,1294
" rumors that the drug lord met with "" La Tuta "" for lunch","[23977, 325, 248, 4800, 21664, 1345, 335, 204, 13, 2284, 301, 12748, 204, 13, 312, 7231]",ricing,22717
ends Scully and Mulder for four weeks because of the mix @-,"[2444, 1537, 17462, 273, 24338, 969, 312, 1855, 2927, 875, 275, 248, 3158, 204, 43, 24]",Tracker,48061
"GN. He has since been referenced several times in the show, most","[26656, 204, 25, 707, 504, 1428, 650, 29171, 1988, 1762, 272, 248, 1049, 204, 23, 758]",ō,30382
" seen at the end of the film, when Takao learns to cope","[2173, 388, 248, 991, 275, 248, 2675, 204, 23, 635, 301, 8932, 90, 29009, 271, 18995]","

				",42429
" by the Colt.45s in 1962, and became one","[431, 248, 64692, 204, 25, 2617, 94, 272, 204, 3954, 29, 204, 23, 273, 3569, 532]",slaught,55858
 missions to be re @-@ established or rebuilt. The Chiqu,"[18692, 271, 314, 292, 204, 43, 24, 43, 5305, 379, 40289, 204, 25, 390, 636, 1968]", suspects,25451
" the current progress of the investigation. The report contained a single conclusion,","[248, 1539, 3913, 275, 248, 7914, 204, 25, 390, 1416, 10837, 241, 2278, 9876, 204, 23]",Face,14902
 = = = Defeated by Harrison = = ,"[204, 40, 204, 40, 204, 40, 4959, 80, 522, 431, 23673, 204, 40, 204, 40, 204]",Alp,25843
ologist who reconstructed the Nazi German military Enigma cipher machine sight @-,"[8973, 569, 30533, 269, 248, 26439, 6438, 4869, 1800, 11238, 62579, 3414, 7444, 204, 43, 24]", wenn,12095
"niks to "" work day and night and maintain the spirit of the people","[6298, 550, 271, 204, 13, 633, 1002, 273, 1809, 273, 3359, 248, 4176, 275, 248, 692]", cinematic,41464
" Beauty of Sport "" issue, and she was photographed in Las Vegas wearing a bikini. She hoped","[15805, 275, 10450, 204, 13, 2645, 204, 23, 273, 674, 398, 34784, 272, 7388, 10527, 6605, 241, 38369, 204, 25, 1261, 13722]", containing,9346
" Reem Khalifa, a columnist and reporter working for Al @-@ Wasat and the Associated","[814, 357, 31564, 31256, 204, 23, 241, 44676, 273, 17197, 1660, 312, 1031, 204, 43, 24, 43, 7872, 249, 273, 248, 22906]", Respiratory,52708
", the design contract for the line was awarded to URS which agreed to design new bridges, stations","[204, 23, 248, 1168, 3027, 312, 248, 1739, 398, 10928, 271, 493, 7679, 585, 7213, 271, 1168, 627, 22589, 204, 23, 11226]", boosted,37170
"団, Hepburn : Guignol Kyūtei Gakudan ) is","[2573, 108, 204, 23, 31939, 13063, 204, 37, 2172, 562, 315, 14891, 41072, 464, 84, 401, 452, 439, 257, 204, 20, 304]", herald,45190
" 325 @,@ 571 which is 1 @.@ 2 % of its","[204, 23794, 204, 43, 23, 43, 204, 46147, 585, 304, 204, 28, 204, 43, 25, 43, 204, 29, 204, 16, 275, 701]", heures,30228
" 46 @,@ 000 ) reward to anyone that could give them information on the whereabouts of","[204, 4559, 204, 43, 23, 43, 204, 1321, 204, 20, 7677, 271, 2751, 325, 765, 1444, 612, 1150, 313, 248, 55584, 275]", depths,25416
" father being French, she has herself been legally French from birth, as the country applies jus sanguinis","[3685, 1003, 5063, 204, 23, 674, 504, 5809, 650, 15802, 5063, 427, 3952, 204, 23, 345, 248, 2020, 11134, 15211, 57930, 20581]", Notebook,51366
 km2 ). The creek's mouth is in the United States Geological Survey quadrangle,"[8027, 29, 204, 20, 204, 25, 390, 37339, 204, 18, 94, 4885, 304, 272, 248, 2522, 2941, 2697, 3069, 15520, 16095, 34908]", volunteers,11537
atham until September 1914 when the lack of experienced officers forced his transfer to France in the early months of,"[42316, 1725, 3278, 204, 6474, 31, 635, 248, 3795, 275, 4750, 8053, 6584, 545, 4450, 271, 5582, 272, 248, 2304, 2137, 275]", Plasma,53123
", as it were, hang by a thread. This Constitution will be preserved, but it","[204, 23, 345, 334, 646, 204, 23, 7966, 431, 241, 6402, 204, 25, 735, 15351, 451, 314, 22161, 204, 23, 480, 334]", deport,22104
" banks. In times of heavy rainfall, even the sluice gates were unable to regulate the flow","[8084, 204, 25, 529, 1762, 275, 4892, 33340, 204, 23, 830, 248, 1027, 96, 474, 21722, 646, 7759, 271, 20416, 248, 3365]", astrolog,62267
 the community lands of the indigenous population remained in their control until the late 19th century. At this,"[248, 1986, 13715, 275, 248, 22837, 4558, 8895, 272, 525, 1873, 1725, 248, 3297, 204, 660, 420, 5594, 204, 25, 1570, 414]", prendre,21517
 Easter Seal Telethon Committee of Meeting Street School. He served on the Rhode Island Bicentennial Commission,"[14632, 31953, 10990, 420, 245, 6628, 275, 13718, 4294, 2793, 204, 25, 707, 5410, 313, 248, 29700, 6252, 341, 49612, 33537, 5935]", coh,18673
" 20, 2009, researchers at JPL announced the discovery of water vapor, carbon","[204, 423, 204, 23, 204, 853, 36, 204, 23, 7979, 388, 462, 8369, 4734, 248, 12070, 275, 1391, 24548, 204, 23, 7151]", manten,35321
" exhibition halls. In an architectural echo of the Louvre, the entrance to the museum is through a","[11592, 27973, 204, 25, 529, 267, 19477, 11501, 275, 248, 5550, 29121, 204, 23, 248, 10614, 271, 248, 9427, 304, 788, 241]", seafood,23304
"ve molluscs in the large family of scallops, the Pectinidae. The Antarctic scall","[298, 62888, 359, 9603, 272, 248, 1902, 1443, 275, 36779, 2379, 204, 23, 248, 337, 24449, 39324, 204, 25, 390, 59063, 36779]",Sense,39257
" animal welfare. These changes, along with the company's new vegetarian offering, the BK","[5985, 15364, 204, 25, 2050, 2778, 204, 23, 1858, 335, 248, 1438, 204, 18, 94, 627, 23723, 4799, 204, 23, 248, 64250]",Martin,28724
" Chandra Datta accompanied him to Surendra Nath Mitra's, house where Ramakrish","[636, 15003, 361, 14122, 13998, 801, 271, 11207, 50218, 53926, 9374, 344, 204, 18, 94, 204, 23, 1820, 881, 9417, 452, 51097]", se,385
 Islam published an apology to the Roman Catholic Church and Christians for the article. The public apology was posted on,"[12018, 4002, 267, 29045, 271, 248, 10112, 9824, 5222, 273, 11763, 312, 248, 2507, 204, 25, 390, 1202, 29045, 398, 5637, 313]",uß,63827
 reference to Goldwater's policies regarding the,"[5515, 271, 4305, 6289, 204, 18, 94, 5966, 4451, 248]", publications,14427
 = Beautiful People ( Chris Brown song ,"[204, 40, 15776, 4813, 204, 19, 7911, 6301, 3172, 204]", volled,62830
 Brown had an additional 19 carries for 74,"[6301, 618, 267, 3149, 204, 660, 14504, 312, 204, 10208]",Tier,61371
", and in 1935 the existence of","[204, 23, 273, 272, 204, 6128, 32, 248, 8508, 275]", vezes,56774
 effect. To avoid giving the Japanese the impression,"[1334, 204, 25, 1472, 3144, 3582, 248, 6944, 248, 10318]", cries,33707
 Denzel Washington as ATF Special Agent Douglas Carl,"[6361, 15827, 4868, 345, 7103, 49, 6155, 16993, 19040, 8142]", Sak,28668
" benefit from treatment is, however, attributed","[4210, 427, 2820, 304, 204, 23, 2537, 204, 23, 20750]", aluminum,14087
" final scene, also censored from television airing","[2297, 5432, 204, 23, 614, 22199, 2033, 427, 8203, 52968]", examines,28078
= = = Dueidar =,"[40, 204, 40, 204, 40, 12768, 300, 270, 204, 40]",sub,5666
 to participate in a jersey @-@ retiring,"[271, 7617, 272, 241, 24045, 204, 43, 24, 43, 36855]",rians,29901
 to at least the eleventh century. The,"[271, 388, 1931, 248, 7684, 30977, 5594, 204, 25, 390]",NER,22608
 Biscayne National Monument. The preserved area was,"[51008, 61206, 2926, 40132, 204, 25, 390, 22161, 1766, 398]", presumption,61347
 = = = 1925 edition,"[204, 40, 204, 40, 204, 40, 204, 6182, 32, 8453]", region,4145
 = Ojo de Agua Raid ,"[204, 40, 432, 6483, 336, 2883, 4951, 8704, 300, 204]",Residents,61287
 @-@ Fi north of the creek about,"[204, 43, 24, 43, 26878, 6775, 275, 248, 37339, 544]",正,10115
" — ordered forces on Sword, Juno","[204, 791, 8552, 6389, 313, 35989, 204, 23, 7843, 90]", rental,9729
et wrote to his mother @-@ in,"[289, 4347, 271, 545, 3116, 204, 43, 24, 43, 272]", ged,26621
", and may reach up to 13 cm ","[23, 273, 724, 3665, 510, 271, 204, 1313, 6401, 204]", tarde,35717
 = = = Hyundai = ,"[204, 40, 204, 40, 204, 40, 34029, 204, 40, 204]", sightings,63029
 German army celebrated the victory and demonstrated its might with,"[6438, 9950, 14374, 248, 9071, 273, 11433, 701, 1295, 335]",coal,21097
 consisting of Odontaspis and Carcharias,"[17618, 275, 13617, 669, 5492, 259, 273, 319, 975, 26952]", patriotic,49411
isons and arms depots throughout its territory on ,"[12924, 273, 5927, 1215, 1698, 3151, 701, 12421, 313, 204]", inc,821
", including Barbados, Dominica, and","[23, 1497, 63974, 204, 23, 14511, 2039, 204, 23, 273]", Basket,19932
 combined printed text and images in an adaptation of The,"[6725, 10143, 2288, 273, 4260, 272, 267, 19885, 275, 390]", moment,2238
"�ց "" Sparapet Hayots ( literally meaning ""","[128, 156, 207, 204, 13, 30180, 523, 289, 11480, 1698, 204, 19, 8672, 4113, 204, 13]", Yah,40337
" compete with each other for nesting space. In particular, ants that prey on termites usually have a","[12153, 335, 1148, 599, 312, 48851, 2151, 204, 25, 529, 2057, 204, 23, 35651, 325, 25269, 313, 1650, 2263, 2767, 413, 241]", Den,6361
 of extreme specialisation. Its publication led almost immediately to research by many other naturalists into specialisation and,"[275, 8653, 1733, 4444, 204, 25, 6054, 9925, 3803, 2376, 4193, 271, 1959, 431, 860, 599, 2616, 1351, 679, 1733, 4444, 273]", dop,11307
" Olympic Winners episode, and talk shows such as Hannity and season 1, episode 21 of","[15789, 40564, 6699, 204, 23, 273, 1719, 3021, 963, 345, 31691, 408, 273, 2120, 204, 28, 204, 23, 6699, 204, 1868, 275]", wrongly,52897
" shore bombardments during operations at Attu and Kiska, Tarawa, the Marshall Islands,","[16610, 51252, 806, 1365, 5342, 388, 4995, 96, 273, 531, 24407, 204, 23, 15769, 9047, 204, 23, 248, 19868, 17059, 204, 23]", Larg,30921
" debatable whether they are part of a strict definition of Rule of Law "". These elements were that "" [ t ] he people must","[2426, 17987, 2303, 506, 362, 622, 275, 241, 8620, 7800, 275, 17780, 275, 3950, 204, 13, 204, 25, 2050, 4803, 646, 325, 204, 13, 204, 70, 240, 204, 72, 332, 692, 1309]", Fox,10685
" broadcast, "" Audition Day "" ranked third in its 9 : 30 p.m. slot, behind CBS'CSI","[10528, 204, 23, 204, 13, 6779, 638, 3228, 204, 13, 13742, 2914, 272, 701, 204, 36, 204, 37, 204, 1067, 260, 25, 88, 25, 5696, 204, 23, 2614, 24330, 204, 18, 57607]", disciple,45539
" month suspension, leading Senna to accuse FIA president Jean @-@ Marie Balestre of favoring his compatriot Prost. Senna ","[1325, 15745, 204, 23, 3736, 302, 17055, 271, 43918, 378, 5172, 4179, 11880, 204, 43, 24, 43, 17275, 8179, 42266, 275, 2381, 263, 545, 8457, 50416, 52264, 204, 25, 302, 17055, 204]",STA,33037
"1895, 46 of ","[9695, 32, 204, 23, 204, 4559, 275, 204]", Allergy,51550
", even against the West Indies ","[204, 23, 830, 1542, 248, 3431, 53970, 204]", Veranst,43311
"ie "", as she was affectionately known, was saved from the scrap pile when veterans and","[396, 204, 13, 204, 23, 345, 674, 398, 19451, 1450, 2245, 204, 23, 398, 8173, 427, 248, 15334, 15341, 635, 17159, 273]", hut,44302
. His skin has been preserved through taxidermy although his skull was modified in 1923 to match the Saint Bernard of that time period.,"[204, 25, 2591, 2703, 504, 650, 22161, 788, 2394, 300, 834, 100, 4424, 545, 23046, 398, 12174, 272, 204, 6182, 30, 271, 3185, 248, 10481, 22601, 275, 325, 601, 2397, 204, 25]", Casino,7111
" that has existed since the ancient Kingdom of Armenia. The phrase "" Սպարապետ","[325, 504, 16270, 1428, 248, 8245, 9721, 275, 48123, 204, 25, 390, 11765, 204, 13, 204, 155, 219, 155, 130, 155, 106, 156, 206, 155, 106, 155, 130, 155, 110, 155, 135]",UINT,63949
" Reprise ) "" – Linda Dee","[2139, 16513, 204, 20, 204, 13, 204, 600, 19982, 35123]",DO,4310
" The Animals in War Memorial in London commemorates animals, including horses, that served with the British and their allies in all wars. The inscription reads","[390, 28114, 272, 3710, 13950, 272, 4414, 26610, 750, 5632, 204, 23, 1497, 11758, 204, 23, 325, 5410, 335, 248, 5282, 273, 525, 19953, 272, 455, 15219, 204, 25, 390, 44764, 14127]", Viet,10491
" behaved inappropriately, and that he and Hurlbut had talked after the incident and fully resolved the issue. Bale acknowledged that the two worked together","[54715, 272, 15700, 1450, 204, 23, 273, 325, 332, 273, 370, 4584, 3945, 618, 8242, 852, 248, 8549, 273, 3894, 15974, 248, 2645, 204, 25, 60329, 18259, 325, 248, 847, 3320, 1774]", teas,23032
", which he does, finding a man named Cane Miro ( John Ireland ). As Cane enters town, Rose shoots at him","[204, 23, 585, 332, 960, 204, 23, 4863, 241, 546, 5200, 55286, 331, 7165, 204, 19, 2345, 9226, 204, 20, 204, 25, 1130, 55286, 20866, 3371, 204, 23, 8145, 28146, 388, 801]",不�,23741
" "" personality, but the producers feared that she was not "" tough "" enough for the role, which was offered to actress Jennifer Aniston","[204, 13, 9433, 204, 23, 480, 248, 13821, 25736, 325, 674, 398, 416, 204, 13, 6716, 204, 13, 1713, 312, 248, 2836, 204, 23, 585, 398, 4487, 271, 14441, 16607, 1060, 32086]", wagers,47399
" of measure was first given a legal basis in 1795 by the French Revolutionary government. Article 5 of the law of 18 Germinal,","[275, 4327, 398, 772, 2132, 241, 3309, 4433, 272, 204, 14824, 32, 431, 248, 5063, 49935, 2183, 204, 25, 10495, 204, 32, 275, 248, 1651, 275, 204, 1121, 3647, 1453, 204, 23]",把,11476
 to her inexperience of the world and prone to be nihilistic. Her name is directly drawn from both the eponymous gemstone and the mineral benito,"[271, 573, 272, 45990, 275, 248, 1079, 273, 18984, 271, 314, 287, 42342, 3010, 204, 25, 2783, 1536, 304, 3644, 9655, 427, 1216, 248, 2957, 9586, 59051, 273, 248, 14883, 1486, 4114]", dearest,60111
" abilities. Depending on their types, absorbed Otellos can be used to fight, heal or be shot as a projectile weapon. Multiple Ot","[10991, 204, 25, 19501, 313, 525, 3059, 204, 23, 22185, 16880, 39512, 418, 314, 1042, 271, 3380, 204, 23, 12668, 379, 314, 4556, 345, 241, 1441, 558, 11031, 204, 25, 19683, 16880]", tw,748
-@ northwest and strengthened quickly to peak winds of 140 mph ( 220 km / h ) on September 12. This made it,"[24, 43, 35209, 273, 33549, 2976, 271, 10648, 17449, 275, 204, 9690, 24846, 204, 19, 204, 12149, 8027, 204, 26, 278, 204, 20, 313, 3278, 204, 928, 204, 25, 735, 1021, 334]", professor,10065
" 2013, Chief Keef celebrated by releasing the mixtape Bang, Pt. 2. Bang, Pt. 2","[204, 626, 30, 204, 23, 7825, 2602, 761, 14374, 431, 18776, 248, 61554, 1948, 9772, 204, 23, 45754, 204, 25, 204, 29, 204, 25, 9772, 204, 23, 45754, 204, 25, 204, 29]",kont,49518
. It was written by Krista Vernoff and directed by Bill D 'Elia. The episode was originally broadcast on the American Broadcasting Company ,"[204, 25, 605, 398, 3523, 431, 16230, 76, 26827, 2710, 273, 9009, 431, 6216, 361, 204, 18, 5337, 494, 204, 25, 390, 6699, 398, 8506, 10528, 313, 248, 2281, 48529, 4927, 204]", Chr,51764
 presence of light brown pigmentation on the skin called café au lait spots. These were never observed on Merrick's body. Neurofib,"[5312, 275, 1547, 6537, 12862, 16512, 313, 248, 2703, 1964, 23056, 2795, 59884, 9985, 204, 25, 2050, 646, 1328, 7790, 313, 31593, 588, 204, 18, 94, 1691, 204, 25, 20595, 81, 518]", identified,6935
" a plastic @-@ bristle dog brush to apply the oil paint onto the canvas. By the time of his death, Look Mickey was regarded","[241, 6105, 204, 43, 24, 43, 809, 17286, 3696, 10633, 271, 3137, 248, 2476, 4337, 4817, 248, 15482, 204, 25, 2702, 248, 601, 275, 545, 2787, 204, 23, 8114, 34629, 398, 15475]",edar,18329
"'s front half gives way to an emotionally dense second half. "" Veering from synth @-@ funk to slow jam styles,","[204, 18, 94, 2365, 2465, 3483, 818, 271, 267, 18965, 19428, 1459, 2465, 204, 25, 204, 13, 5187, 1369, 427, 33390, 204, 43, 24, 43, 40159, 271, 3360, 10361, 8813, 204, 23]","

 ",4824
erg were set on a steady state of evolution and conflict. The core idea of this'religion'was that there was a state that the z,"[6021, 646, 889, 313, 241, 12782, 1592, 275, 9359, 273, 8211, 204, 25, 390, 5304, 2163, 275, 414, 204, 18, 8271, 204, 18, 398, 325, 629, 398, 241, 1592, 325, 248, 725]", strap,19195
" brothers split their restaurant business between them following a disagreement over the direction that their joint business should take, Albert took Le Gavroche, while Michel","[11792, 8449, 525, 6012, 1100, 1192, 612, 1863, 241, 38497, 648, 248, 4934, 325, 525, 6168, 1100, 808, 980, 204, 23, 17018, 2065, 1135, 401, 543, 290, 1269, 204, 23, 1093, 12106]", ministre,54971
" his upcoming F. A. examination, when Ram Chandra Datta accompanied him to Surendra Nath Mitra's, house where Ramak","[545, 8229, 378, 25, 317, 25, 11889, 204, 23, 635, 9417, 636, 15003, 361, 14122, 13998, 801, 271, 11207, 50218, 53926, 9374, 344, 204, 18, 94, 204, 23, 1820, 881, 9417, 452]", emissions,11643
" for the WWE Intercontinental Championship. During the match, Benjamin got up on the ring apron and tried to take out Tyson Tomko, who accompanied","[312, 248, 36620, 4122, 57331, 15224, 204, 25, 6599, 248, 3185, 204, 23, 20529, 1331, 510, 313, 248, 5444, 47298, 273, 3506, 271, 980, 495, 45346, 5736, 5664, 204, 23, 569, 13998]", Ranch,19948
". Despite this, the Johnson","[204, 25, 10744, 414, 204, 23, 248, 7822]", días,21544
= = Early life = ,"[40, 204, 40, 12955, 1063, 204, 40, 204]", eats,30364
 his more conventional stories to the US magazines,"[545, 520, 11301, 4050, 271, 248, 1571, 18028]", voit,48142
 the seed follicles of the dead infruct,"[248, 8571, 56764, 275, 248, 3617, 1129, 1229]", implications,14124
 = = Books = ,"[204, 40, 204, 40, 10558, 204, 40, 204]", Ark,14400
zel Washington as ATF Special Agent Douglas,"[15827, 4868, 345, 7103, 49, 6155, 16993, 19040]",848,53080
= = Episodes = ,"[40, 204, 40, 7081, 42625, 204, 40, 204]",AAA,57670
 = = Personnel = ,"[204, 40, 204, 40, 49021, 204, 40, 204]",ENSE,34312
", / v / ","[204, 23, 204, 26, 354, 204, 26, 204]",空,21847
" while, citing the possibility of extr","[1093, 204, 23, 26817, 248, 7510, 275, 20692]",755,47232
 can be either vowels or conson,"[418, 314, 2335, 34012, 1097, 379, 749, 245]", INFORMATION,37355
 ( submersible ) ,"[204, 19, 3823, 358, 840, 204, 20, 204]", Ras,31879
 their own motivations. Several in the,"[525, 946, 36845, 204, 25, 14776, 272, 248]", podstaw,48599
 new head of cardiothoracic surgery,"[627, 1319, 275, 36147, 825, 252, 36754, 6704]",S,62
", in April 1964 and October","[23, 272, 3242, 204, 3954, 31, 273, 3692]",ekte,57482
 flight deck was 180 m (,"[6867, 9099, 398, 204, 7159, 266, 204, 19]", unconsciously,61426
 Retrieved 20 May 2015 ,"[18934, 204, 423, 1896, 204, 626, 32, 204]",Charl,23632
= = Personal life = ,"[40, 204, 40, 8840, 1063, 204, 40, 204]", offenses,37767
 in the Boat Race prior to this year. Three of the participants in the,"[272, 248, 26349, 15658, 3074, 271, 414, 649, 204, 25, 9004, 275, 248, 6381, 272, 248]", shipment,26274
" appears to not be addictive, also the intensity of the experience creates a dys","[5741, 271, 416, 314, 31061, 204, 23, 614, 248, 14062, 275, 248, 1417, 8176, 241, 9916]",委,45474
" ( 770 m ) long, with a clearance of 53","[204, 19, 204, 30642, 266, 204, 20, 916, 204, 23, 335, 241, 21779, 275, 204, 6765]", chests,63264
@ Blaise @-@ Moyenmoutier between 16 and,"[43, 1282, 22181, 204, 43, 24, 43, 42815, 250, 88, 351, 812, 1192, 204, 1243, 273]",Seed,57722
 disc or the tail. A ray touched on the disc will quickly turn toward,"[1080, 379, 248, 6804, 204, 25, 317, 20969, 12960, 313, 248, 1080, 451, 2976, 1411, 4419]", Calder,51972
 = = = = Chiral phases = = ,"[204, 40, 204, 40, 204, 40, 204, 40, 636, 7402, 19604, 204, 40, 204, 40, 204]", suff,3561
" time the couple had a drink with Viscount Ward, the former Secretary of","[601, 248, 2916, 618, 241, 4187, 335, 53074, 613, 18919, 204, 23, 248, 3734, 10383, 275]",aurus,25318
 See also renewable energy in the United States for US @-@ figures ,"[4946, 614, 17615, 2399, 272, 248, 2522, 2941, 312, 1571, 204, 43, 24, 43, 8395, 204]",Leader,62457
" may have been sexually dimorphic, meaning that males and females had slightly","[724, 413, 650, 22603, 4631, 13040, 276, 204, 23, 4113, 325, 14702, 273, 15688, 618, 5725]",wagen,25128
" Language and Culture, his first major book under the pseudonym Michael Savage ","[12413, 273, 13942, 204, 23, 545, 772, 2084, 1204, 813, 248, 34785, 6571, 5493, 41189, 204]",可怕,61467
 = = Taj Mahal Hotel and Oberoi Trident = ,"[204, 40, 204, 40, 39793, 10254, 268, 7536, 273, 24755, 5214, 1330, 933, 204, 40, 204]", Tone,47750
" Toronto developed the Turing programming language in 1982, named after Alan","[11449, 4027, 248, 301, 966, 9553, 3599, 272, 204, 2747, 29, 204, 23, 5200, 852, 17458]", Siemens,50376
", where atmospheric atoms can be excited and ionized, causing the aur","[204, 23, 881, 30532, 26553, 418, 314, 5565, 273, 20010, 1190, 204, 23, 8559, 248, 19635]",       ,6983
 = = New York Mets ( 2006 – 200,"[204, 40, 204, 40, 1184, 2798, 34916, 204, 19, 204, 853, 33, 204, 600, 204, 853]","
						",8459
" were rioters at the bottom of the stairs too, wearing masks or crash","[646, 33153, 358, 388, 248, 4532, 275, 248, 14611, 892, 204, 23, 6605, 14518, 379, 11019]",塔,31649
 progressive and rehashed. Heavy and calm. Just the way we,"[13163, 273, 292, 8460, 722, 204, 25, 19531, 273, 8854, 204, 25, 2648, 248, 818, 360]",�,2080
" around a real location. Initially, they had planned to use a large","[1111, 241, 1059, 3584, 204, 25, 36286, 204, 23, 506, 618, 7511, 271, 745, 241, 1902]",Prov,10287
" squared off at the front edge, as in Giganotosaurus ","[52787, 597, 388, 248, 2365, 5753, 204, 23, 345, 272, 401, 6910, 303, 363, 25318, 204]",Blog,19446
 in September 2003. The seventh tropical storm and second hurricane of the,"[272, 3278, 204, 853, 30, 204, 25, 390, 19819, 17512, 7695, 273, 1459, 30405, 275, 248]",hes,918
 cluttered and / or complicated you lose the average listener's ear ,"[62458, 273, 204, 26, 379, 9060, 299, 4735, 248, 3608, 24146, 204, 18, 94, 7304, 204]",olute,21053
" the Zodiac settle was originally placed in his rooms at 15 Buckingham Street on the The Strand in London,","[248, 53679, 12870, 398, 8506, 5394, 272, 545, 6113, 388, 204, 1030, 49270, 4294, 313, 248, 390, 45574, 272, 4414, 204, 23]", come,1239
" called Making Friends. Six members of the public, named Barrington, Bob, Dave ","[1964, 13519, 13725, 204, 25, 12732, 2094, 275, 248, 1202, 204, 23, 5200, 2958, 26479, 204, 23, 9151, 204, 23, 12623, 204]", payouts,34084
" James Stewart, who had presented Cooper with his first Oscar years earlier, accept on Cooper's","[4826, 18993, 204, 23, 569, 618, 5653, 12576, 335, 545, 772, 19983, 909, 4273, 204, 23, 2624, 313, 12576, 204, 18, 94]",拒,63074
 the British Isles ( 1940 ). Childe's pessimism surrounding the war,"[248, 5282, 63091, 204, 19, 204, 5387, 27, 204, 20, 204, 25, 5322, 80, 204, 18, 94, 43871, 1189, 8180, 248, 2694]",gende,27307
" any descriptive nature in the Turkish language, except to refer to Deckers products. The court further ruled","[607, 32714, 3415, 272, 248, 19055, 3599, 204, 23, 5048, 271, 4059, 271, 25513, 358, 1875, 204, 25, 390, 3520, 2515, 17310]", monoton,62823
" downy. Neither altricial nor precocial, the chicks begin to move around and explore their","[901, 100, 204, 25, 23352, 5103, 777, 470, 6044, 3292, 10016, 204, 23, 248, 39738, 2145, 271, 1822, 1111, 273, 5712, 525]",algorithm,60629
" Although they were only distant acquaintances, she accepted and they were married on June 27, 192","[5361, 506, 646, 736, 16654, 53211, 204, 23, 674, 7177, 273, 506, 646, 6143, 313, 3175, 204, 2102, 204, 23, 204, 6182]",ATA,13274
" offspring to put that damn thing down and go outside already. "" Childs added that the episode points","[34882, 271, 1340, 325, 10096, 1510, 901, 273, 471, 2835, 1775, 204, 25, 204, 13, 5322, 94, 2664, 325, 248, 6699, 2705]", RV,17442
 ). Rain mainly occurs during a short spell of two months during July and August. The recorded,"[204, 20, 204, 25, 13789, 7992, 9372, 1365, 241, 1866, 12784, 275, 847, 2137, 1365, 3313, 273, 3333, 204, 25, 390, 7831]", Adidas,49088
 hurricane hit the general area. The twelfth tropical storm and sixth hurricane of the 1933 Atlantic hurricane,"[30405, 3246, 248, 2679, 1766, 204, 25, 390, 748, 58371, 17512, 7695, 273, 16541, 30405, 275, 248, 204, 6128, 30, 14130, 30405]",fin,6370
" for fear of friendly @-@ fire casualties. When "" C "" Company reached Basly","[312, 4037, 275, 6350, 204, 43, 24, 43, 2858, 35495, 204, 25, 1699, 204, 13, 319, 204, 13, 4927, 5283, 6165, 309]", gadget,28772
"ire told him he could not use the bat with tape applied, so Brown discarded the loose fragments of the","[533, 2276, 801, 332, 765, 416, 745, 248, 7717, 335, 10695, 5989, 204, 23, 485, 6301, 34208, 248, 10636, 28687, 275, 248]", trilogy,36270
"14, which is entitled "" Freedom of speech, assembly and association "", is as","[1279, 204, 23, 585, 304, 11210, 204, 13, 17162, 275, 7193, 204, 23, 12206, 273, 9619, 204, 13, 204, 23, 304, 345]", kr,17357
" Road, is Tadley Acres, a modern housing development built on land partly belonging to the Duch","[5341, 204, 23, 304, 49751, 1844, 46908, 204, 23, 241, 3424, 6951, 2138, 3426, 313, 2168, 17455, 20144, 271, 248, 361, 718]", permitting,31362
", they rebuilt the Flyer with the forward elevator and rear rudder both enlarged and placed several feet farther away","[204, 23, 506, 40289, 248, 64363, 335, 248, 2662, 24565, 273, 9375, 33367, 969, 1216, 41836, 273, 5394, 1988, 3827, 23729, 1514]", embarrassed,25856
 = = = = The giant crab of Kamegaike = = =,"[204, 40, 204, 40, 204, 40, 204, 40, 390, 9598, 29876, 275, 531, 499, 3758, 536, 204, 40, 204, 40, 204, 40]", moisturizer,45572
". However, the collection outgrew the site, which has since been renamed the Getty Villa","[204, 25, 2071, 204, 23, 248, 3721, 495, 82, 2340, 248, 1692, 204, 23, 585, 504, 1428, 650, 34564, 248, 27227, 22710]",android,32473
astyre Pryce Lloyd in 1880 and had three children. He died suddenly of pneumonia in his,"[11227, 244, 56996, 333, 26088, 272, 204, 9892, 27, 273, 618, 1373, 1770, 204, 25, 707, 4841, 7766, 275, 23964, 272, 545]", Sean,18422
 = = = = WBO light @-@ middleweight title = =,"[204, 40, 204, 40, 204, 40, 204, 40, 367, 7541, 1547, 204, 43, 24, 43, 4345, 6197, 4120, 204, 40, 204, 40]", Explained,61694
 Atlantids = = = ,"[7009, 384, 1703, 204, 40, 204, 40, 204, 40, 204]",Understand,54157
 BPI certification awarded only for sales since 199,"[341, 14930, 11396, 10928, 736, 312, 3220, 1428, 204, 1840]", supplier,13158
 = = Level design = =,"[204, 40, 204, 40, 9513, 1168, 204, 40, 204, 40]",Wi,46874
 dying. In the coming days he received numerous,"[12312, 204, 25, 529, 248, 2574, 1522, 332, 3245, 5593]", Ihren,36744
" town, Rose shoots at him, mist","[3371, 204, 23, 8145, 28146, 388, 801, 204, 23, 4621]",kus,47310
 = = Creating the voice of God ,"[204, 40, 204, 40, 23359, 248, 3663, 275, 1750, 204]", unveiling,61966
"50 @,@ 000 and $","[1223, 204, 43, 23, 43, 204, 1321, 273, 204, 15]", worthless,36697
 total of 198 buses with daily ridership of,"[2724, 275, 204, 2747, 21104, 335, 3568, 5013, 9016, 275]",>.<,64041
= Channel Front and last battle = =,"[40, 13444, 10469, 273, 1143, 6201, 204, 40, 204, 40]", race,4475
" FINAL FANTASY IX "" Original Sound","[29274, 2040, 378, 12366, 43921, 35115, 204, 13, 15109, 11625]",consuming,29132
 The segmental elements are those that follow each other,"[390, 9536, 268, 4803, 362, 1014, 325, 1122, 1148, 599]", Milky,62642
 the Colorado Avalanche during a game on March ,"[248, 9651, 31604, 7115, 1365, 241, 1404, 313, 3102, 204]", abscess,62526
 of Matthew Hale's Pleas of the,"[275, 13854, 43958, 204, 18, 94, 18709, 277, 275, 248]",out,351
" episode a seven out of ten, denoting","[6699, 241, 5144, 495, 275, 3020, 204, 23, 2007, 15147]", gaze,13030
" week commencing April 23, 199","[1356, 713, 6661, 3242, 204, 1871, 204, 23, 204, 1840]",ís,10992
 = = = Equipment = ,"[204, 40, 204, 40, 204, 40, 13223, 204, 40, 204]", procéd,55347
. She died of a fever in 191,"[204, 25, 1261, 4841, 275, 241, 16026, 272, 204, 6474]",finder,32252
 been used in several major motion pictures including The Italian,"[650, 1042, 272, 1988, 2084, 7276, 4842, 1497, 390, 8103]", stuck,8287
 ) + 3 Cl2 (,"[204, 20, 204, 22, 204, 30, 1156, 29, 204, 19]", má,16259
 MiG @-@ 9 ),"[11384, 50, 204, 43, 24, 43, 204, 36, 204, 20]",xo,39645
"s Design. Chronicle Books, 199","[94, 4262, 204, 25, 39437, 10558, 204, 23, 204, 1840]", collaboration,8164
 and splash in the pool as Solange works the,"[273, 25348, 272, 248, 5001, 345, 5364, 863, 2027, 248]",178,16790
" of gold coins, iron spear heads and a","[275, 3589, 12774, 204, 23, 6657, 30490, 8630, 273, 241]", Capitalism,64742
 over all his old shows featuring Sideshow Bob,"[648, 455, 545, 1442, 3021, 9567, 302, 1910, 4773, 9151]", stranded,40684
 tale served as their inspiration. The first poem,"[13412, 5410, 345, 525, 8524, 204, 25, 390, 772, 13851]",rike,39054
", it was necessary to specialize. Borman","[23, 334, 398, 3224, 271, 24916, 204, 25, 341, 38059]",Acknowled,44714
5 ; Sledd's appointment was for a single year ,"[32, 204, 38, 302, 1046, 79, 204, 18, 94, 8544, 398, 312, 241, 2278, 649, 204]", tortured,39452
"14, 1895, 46 of 53 voters approved incorporation","[1279, 204, 23, 204, 9695, 32, 204, 23, 204, 4559, 275, 204, 6765, 11701, 6984, 42977]",scroll,37923
" the government. As a result, the state supported the coffee growers by","[248, 2183, 204, 25, 1130, 241, 1226, 204, 23, 248, 1592, 6246, 248, 4900, 37296, 431]", precautions,25612
" the British and their allies in all wars. The inscription reads : "" Animals In War.","[248, 5282, 273, 525, 19953, 272, 455, 15219, 204, 25, 390, 44764, 14127, 204, 37, 204, 13, 28114, 529, 3710, 204, 25]", graceful,44191
" at the age of 25, rather than being required to spend ten years working as an assistant director ","[388, 248, 2521, 275, 204, 1395, 204, 23, 2567, 661, 1003, 2554, 271, 3826, 3020, 909, 1660, 345, 267, 11428, 5219, 204]","“,",18246
" ] established the Seventies success formula : continuous touring "". Other bands identified with metal emerged in the U.S., such as","[204, 72, 5305, 248, 51479, 424, 1823, 8774, 204, 37, 10644, 25681, 204, 13, 204, 25, 4232, 12320, 6935, 335, 5420, 14875, 272, 248, 493, 25, 62, 25, 204, 23, 963, 345]", patriot,43706
". grandiflorus, D. graveolens, D. kutejensis, D. macrantha, D. ox","[25, 3110, 340, 4755, 359, 204, 23, 361, 25, 16769, 315, 594, 204, 23, 361, 25, 429, 1220, 85, 40959, 204, 23, 361, 25, 6183, 9585, 2188, 204, 23, 361, 25, 22206]",reur,62194
 Hong Kong Art Museum ( 201,"[11640, 11247, 2818, 7189, 204, 19, 204, 626]", upto,64597
 Entering a Hohmann transfer orbit from Earth to Jupiter from low Earth orbit,"[6606, 263, 241, 370, 1259, 10322, 4450, 27677, 427, 6490, 271, 31594, 427, 1958, 6490, 27677]", tribunal,44827
" in part to the resettlement of displaced people. Despite Rwanda's fertile ecosystem, food production often does not keep pace with population growth ","[272, 622, 271, 248, 560, 2343, 1977, 275, 32565, 692, 204, 25, 10744, 43226, 204, 18, 94, 40940, 12188, 204, 23, 1655, 3146, 1764, 960, 416, 1244, 9379, 335, 4558, 3047, 204]", amended,27201
 and make @-@ up by Erwin Wijaya. Cinematography was completed by Ipung Rach,"[273, 717, 204, 43, 24, 43, 510, 431, 3705, 5787, 51435, 9015, 204, 25, 43282, 35443, 398, 5326, 431, 62785, 1018, 49068]", Fotos,55465
 want them to do but expand on it.,"[729, 612, 271, 441, 480, 4725, 313, 334, 204, 25]", inciner,64556
", daughter of Major General Banastyre Pryce Lloyd in 1880 and had three children. He died suddenly of pneumonia in his home country of Ireland","[23, 5195, 275, 12461, 4860, 11688, 11227, 244, 56996, 333, 26088, 272, 204, 9892, 27, 273, 618, 1373, 1770, 204, 25, 707, 4841, 7766, 275, 23964, 272, 545, 1081, 2020, 275, 9226]", tanto,13373
 a constant that depends on the particular isotope ; for a given isotope,"[241, 7377, 325, 7713, 313, 248, 2057, 43276, 1419, 204, 38, 312, 241, 2132, 43276, 1419]",ichts,39352
" on his superior army, to entice Mondragón into a pitched battle, planning to use an ambush to draw the Spanish army into a","[313, 545, 8975, 9950, 204, 23, 271, 47110, 26654, 1860, 137, 123, 89, 679, 241, 31410, 6201, 204, 23, 4042, 271, 745, 267, 5407, 1519, 271, 3181, 248, 8693, 9950, 679, 241]", missed,7156
 Station in late October where he blockaded various German merchant ships in American and Mexican harbours. She intercepted the German ocean liner Columbus off Cape Hatteras,"[11415, 272, 3297, 3692, 881, 332, 3201, 9163, 2458, 6438, 24064, 13118, 272, 2281, 273, 14160, 4687, 61183, 204, 25, 1261, 64547, 248, 6438, 10166, 29347, 22912, 597, 17296, 370, 2830, 277]", roaring,48261
" span is a riveted, 8 @-@ panel Parker through truss. The next three spans are 547 ft ( 167","[12711, 304, 241, 8623, 17006, 204, 23, 204, 35, 204, 43, 24, 43, 6172, 18462, 788, 478, 1141, 204, 25, 390, 1407, 1373, 34428, 362, 204, 47984, 12094, 204, 19, 204, 21635]",imate,2331
 12 – 0 victory over the Yankees. He had four hits on September 15 in an 8 – 3 loss to the Blue,"[204, 928, 204, 600, 204, 27, 9071, 648, 248, 29501, 204, 25, 707, 618, 1855, 9693, 313, 3278, 204, 1030, 272, 267, 204, 35, 204, 600, 204, 30, 2690, 271, 248, 5721]",Port,11291
" the bastion of modernism in Paris, became Hemingway's mentor and godmother to his son Jack ; she introduced him to the expatri","[248, 15793, 280, 275, 3424, 1189, 272, 6671, 204, 23, 3569, 64179, 204, 18, 94, 19196, 273, 6394, 12288, 271, 545, 1990, 4164, 204, 38, 674, 6723, 801, 271, 248, 1115, 29844]","."",",28267
" 3 @.@ 3 ft ) in height. Groups 4 to 6, 13 to 17, 20","[204, 30, 204, 43, 25, 43, 204, 30, 12094, 204, 20, 272, 5518, 204, 25, 21528, 204, 31, 271, 204, 33, 204, 23, 204, 1313, 271, 204, 1392, 204, 23, 204, 423]", Tow,21547
 intense radio play of the single contributed largely to the attention Deep Purple would get in their early US tours and also during the 1970s. Modern reviews,"[10183, 6377, 884, 275, 248, 2278, 12480, 9540, 271, 248, 3197, 12604, 25183, 631, 577, 272, 525, 2304, 1571, 13814, 273, 614, 1365, 248, 204, 3344, 27, 94, 204, 25, 10751, 4272]", journalism,21331
", 1996, Bure was pushed into the boards head @-@ first by rookie defenceman Todd Simpson. He continued to play following","[23, 204, 1840, 33, 204, 23, 341, 458, 398, 9264, 679, 248, 11665, 1319, 204, 43, 24, 43, 772, 431, 26398, 18983, 1342, 18586, 30878, 204, 25, 707, 4902, 271, 884, 1863]", Über,21789
" hypocrisy do not survive for long on the chessboard. The creative combination lays bare the presumption of a lie, while the merciless fact, culminating","[48062, 441, 416, 10403, 312, 916, 313, 248, 25898, 3362, 204, 25, 390, 5182, 5777, 36057, 7142, 248, 61347, 275, 241, 5504, 204, 23, 1093, 248, 8487, 50932, 1249, 204, 23, 60205]", hp,29629
 of the motorway section carried out at the time revealed damage to a viaduct carrying the motorway over the Zagreb – Sisak – V,"[275, 248, 5267, 989, 3638, 6728, 495, 388, 248, 601, 7436, 4233, 271, 241, 2300, 308, 8742, 9326, 248, 5267, 989, 648, 248, 47641, 11578, 204, 600, 51708, 452, 204, 600, 553]", trud,42314
 pre @-@ specified positions within the applicator. This process is only engaged once staff are removed from the treatment room. The sources remain in,"[634, 204, 43, 24, 43, 9913, 7349, 1574, 248, 1729, 1322, 204, 25, 735, 1200, 304, 736, 9238, 1960, 2900, 362, 6235, 427, 248, 2820, 1664, 204, 25, 390, 5331, 4464, 272]",washed,42111
"2, 2006, announcing the planned card at the top of the show and attempting to hype up the crowd. Other "" host ","[29, 204, 23, 204, 853, 33, 204, 23, 27095, 248, 7511, 2315, 388, 248, 1246, 275, 248, 1049, 273, 13648, 271, 25950, 510, 248, 5772, 204, 25, 4232, 204, 13, 2597, 204]", wonderful,4089
" 26 July 1797, King George III was "" graciously pleased to give directions that measures might be taken for an immediate supply of such copper coin","[204, 2126, 3313, 204, 14824, 34, 204, 23, 3884, 6247, 10093, 398, 204, 13, 59712, 9055, 271, 1444, 11033, 325, 5789, 1295, 314, 2629, 312, 267, 8393, 4322, 275, 963, 14201, 12631]",十,10230
" with them near Audrain County. Anderson and his men camped with at least 300 men, including Todd. Although a large group of guerr","[335, 612, 2578, 6779, 1950, 3402, 204, 25, 13421, 273, 545, 1658, 2098, 269, 335, 388, 1931, 204, 4126, 1658, 204, 23, 1497, 18586, 204, 25, 5361, 241, 1902, 1408, 275, 60401]",shake,42331
 Bath and Wells and to the east Christchurch and much of Bournemouth — both historically part of Hampshire — belong to the Diocese of Winchester.,"[10474, 273, 23711, 273, 271, 248, 10001, 1781, 38390, 273, 866, 275, 341, 2309, 56179, 204, 791, 1216, 21448, 622, 275, 22666, 204, 791, 6445, 271, 248, 62266, 275, 50619, 204, 25]",450,12760
" 260 kilowatts ( 4 @,@ 370 hp ) and a maximum speed of 200 kilometres per hour ( 120","[204, 17634, 9174, 307, 46543, 204, 19, 204, 31, 204, 43, 23, 43, 204, 25107, 29629, 204, 20, 273, 241, 5899, 3804, 275, 204, 853, 37374, 559, 3918, 204, 19, 204, 5959]",erencia,50406
" ポコピー, Pokopī ) ) a Lakitu, with the ability to allow Mario to traverse dangerous environments","[56451, 235, 7568, 123, 6953, 226, 6953, 132, 204, 23, 17524, 387, 35206, 204, 20, 204, 20, 241, 32983, 9679, 204, 23, 335, 248, 3205, 271, 1708, 20069, 271, 48223, 7124, 11337]",以前,55997
"@ wing Wildrose Alliance led to speculation that Stelmach would receive lukewarm support at his mandatory leadership review, to be held at the November 200","[43, 13598, 7450, 16916, 14648, 3803, 271, 24934, 325, 574, 34366, 554, 631, 3162, 51686, 36848, 1164, 388, 545, 16183, 5999, 1856, 204, 23, 271, 314, 3053, 388, 248, 3895, 204, 853]", Division,9952
" Labbé to gain experience. McLeod made her first appearance of the year at the Cyprus Cup in March, where she appeared in three of the four","[7403, 31287, 271, 5206, 1417, 204, 25, 2925, 62916, 1021, 573, 772, 6668, 275, 248, 649, 388, 248, 35527, 8067, 272, 3102, 204, 23, 881, 674, 6248, 272, 1373, 275, 248, 1855]", exuber,57728
 Special companies of the Royal Engineers fired drums,"[6155, 2404, 275, 248, 8829, 28695, 12428, 25600]", bans,37752
 = Pre @-@ season,"[204, 40, 3326, 204, 43, 24, 43, 2120]", últ,16154
 = = Level design =,"[204, 40, 204, 40, 9513, 1168, 204, 40]", THC,21949
" he wrote of the original "" Smith","[332, 4347, 275, 248, 3086, 204, 13, 6220]", qualification,24184
 The Lord loves the one that loves the,"[390, 4967, 7995, 248, 532, 325, 7995, 248]",authent,34931
 = = Family = ,"[204, 40, 204, 40, 6222, 204, 40, 204]", Moderna,57804
 = = Release history =,"[204, 40, 204, 40, 13528, 2488, 204, 40]",�,232
 = Creating the voice of God ,"[204, 40, 23359, 248, 3663, 275, 1750, 204]",score,27394
) ; Kira Buckland ,"[20, 204, 38, 531, 6013, 15144, 1205, 204]", supplier,13158
 the ninth planet at the planetarium ,"[248, 28266, 7712, 388, 248, 7712, 18175, 204]",concurrent,55493
 on attackers trying to break in below ,"[313, 37684, 2296, 271, 2162, 272, 2249, 204]", Sildenafil,58311
" twelve years, and took the overall","[15365, 909, 204, 23, 273, 2065, 248, 4291]", Portrait,44954
 not refer to the use of electric guitar,"[416, 4059, 271, 248, 745, 275, 4782, 9556]",sock,54920
= = 2009 season ,"[40, 204, 40, 204, 853, 36, 2120, 204]", A,317
 = = Summer replacement =,"[204, 40, 204, 40, 9912, 8577, 204, 40]", YORK,43684
= = = Reinforcement disorders,"[40, 204, 40, 204, 40, 25227, 8178, 12265]",""":[",52448
– present ) = =,"[600, 1652, 204, 20, 204, 40, 204, 40]",celand,22834
 = = Recording = ,"[204, 40, 204, 40, 41171, 204, 40, 204]", stolen,15081
 = = = Equipment ,"[204, 40, 204, 40, 204, 40, 13223, 204]", Own,10923
 : The Final Frontier is a ,"[204, 37, 390, 12728, 39247, 304, 241, 204]", hurtful,64151
-@ calibre Canon de 194,"[24, 43, 1921, 40820, 22705, 336, 204, 5387]", Enter,6606
 Sir Boyle fought hard for the Union ,"[10584, 56621, 13764, 1396, 312, 248, 6824, 204]", Opinions,62778
" North Pole was "" impracticable "", the Admiralty decided","[3082, 36170, 398, 204, 13, 902, 891, 29341, 204, 13, 204, 23, 248, 37657, 787, 3571]", realistic,13685
1940 and began a refit at Portsmouth that lasted from 25 January to,"[5387, 27, 273, 3465, 241, 1134, 256, 388, 56205, 325, 21982, 427, 204, 1395, 3675, 271]",ountains,53407
 a relatively small head. Adults had skulls up to 56 cm ,"[241, 6976, 1385, 1319, 204, 25, 30731, 618, 23046, 94, 510, 271, 204, 5499, 6401, 204]", folder,11359
" Earth's outer atmosphere into space, resulting in less favorable conditions for","[6490, 204, 18, 94, 13140, 8922, 679, 2151, 204, 23, 8418, 272, 1499, 20544, 3192, 312]", coined,50135
 mobile robot to reason about its actions. Equipped with a television camera ,"[3660, 12951, 271, 1995, 544, 701, 5039, 204, 25, 6641, 4203, 335, 241, 8203, 5040, 204]", Raising,53992
", based on the alignment that existed at the time, and do not","[204, 23, 1934, 313, 248, 18672, 325, 16270, 388, 248, 601, 204, 23, 273, 441, 416]", cooling,12979
" Cleveland Union Terminal's high rent, the massive size of the facility","[16760, 6824, 30604, 204, 18, 94, 986, 4324, 204, 23, 248, 6934, 2275, 275, 248, 6830]",elijke,30832
". As a bishop, he moved the newly founded monastery of Stow","[204, 25, 1130, 241, 40606, 204, 23, 332, 4372, 248, 9930, 9923, 43892, 275, 574, 307]", Gaming,17213
" Israel as rabbi in 1935, a post he would hold through","[5505, 345, 22454, 84, 272, 204, 6128, 32, 204, 23, 241, 1106, 332, 631, 1975, 788]", Kitchen,11760
", Vala and Tomin are shown as a seemingly functioning normal couple,","[23, 3037, 76, 273, 5736, 242, 362, 4308, 345, 241, 14980, 15353, 3555, 2916, 204, 23]", distinctly,40889
" began in the 1880s, principally around the work of English jur","[3465, 272, 248, 204, 9892, 27, 94, 204, 23, 54351, 1111, 248, 633, 275, 3536, 9854]", Buenos,38963
 taxes with a portion of their crop yield. Peasants obtained coinage,"[8107, 335, 241, 8091, 275, 525, 14525, 8220, 204, 25, 2562, 277, 1221, 7502, 12631, 484]", Winnipeg,43275
" The Dark Charisma of Adolf Hitler "". BBC. Retrieved","[390, 8892, 5404, 45471, 275, 1180, 3808, 24108, 204, 13, 204, 25, 15097, 204, 25, 18934]", Yug,47613
 and Rockland counties east to that route's eastern terminus at U,"[273, 6064, 1205, 18910, 10001, 271, 325, 7128, 204, 18, 94, 16896, 17256, 359, 388, 493]", Barry,20262
"' past work, employing an approach that Juber has described as a ","[18, 1701, 633, 204, 23, 26523, 267, 3213, 325, 462, 19110, 504, 5383, 345, 241, 204]", grams,17793
"1 title, 1 runner @-@ up ) =","[28, 4120, 204, 23, 204, 28, 19500, 204, 43, 24, 43, 510, 204, 20, 204, 40]", Magnesium,59778
" troops by boat down the Ohio River to Wheeling, where he was to","[12092, 431, 7754, 901, 248, 9489, 6074, 271, 5415, 8445, 204, 23, 881, 332, 398, 271]",Ris,40560
 Stackhouse – Pistons analyst ( 2013 – present ,"[29833, 4338, 204, 600, 37527, 690, 11766, 204, 19, 204, 626, 30, 204, 600, 1652, 204]", gadget,28772
 and travel writer. His many activities brought him into the highest social and professional,"[273, 2516, 6544, 204, 25, 2591, 860, 3204, 3867, 801, 679, 248, 5123, 1788, 273, 2800]", bacon,19056
 Chambersburg is the county seat of Franklin County. According to the United States Census Bureau the 2010,"[36777, 6684, 304, 248, 8990, 6106, 275, 19504, 3402, 204, 25, 6480, 271, 248, 2522, 2941, 30700, 14549, 248, 204, 626, 27]", ramifications,51127
"face, Walker tells readers that he had complete independence in its authorship — that the NRC placed no","[2378, 204, 23, 16126, 6978, 6770, 325, 332, 618, 2615, 14905, 272, 701, 7761, 973, 204, 791, 325, 248, 61998, 5394, 658]", Wendy,29776
 the tie 3 – 2 to progress to semi @-@ finals. Liverpool ',"[248, 10799, 204, 30, 204, 600, 204, 29, 271, 3913, 271, 11145, 204, 43, 24, 43, 28527, 204, 25, 20292, 204, 18]", MU,27834
" Center began working on "" Shakey the robot "", the first mobile robot to reason about its","[3195, 3465, 1660, 313, 204, 13, 44736, 100, 248, 12951, 204, 13, 204, 23, 248, 772, 3660, 12951, 271, 1995, 544, 701]", niveles,62576
" 1 @,@ 500 Soviet troops died. In the wake of these events, Berk","[204, 28, 204, 43, 23, 43, 204, 3087, 16023, 12092, 4841, 204, 25, 529, 248, 9810, 275, 783, 2863, 204, 23, 55602]", Holly,26113
" archery, B3 archers must use a tactile sighting device, and be unable to use","[619, 34204, 204, 23, 341, 30, 619, 10690, 1309, 745, 241, 52507, 7444, 263, 3605, 204, 23, 273, 314, 7759, 271, 745]",figuration,63105
 Bosnian government's Commission for Tracing Missing Persons. The International Commission on Missing Persons (,"[16996, 57018, 2183, 204, 18, 94, 5935, 312, 1330, 3596, 36970, 41375, 204, 25, 390, 3864, 5935, 313, 36970, 41375, 204, 19]",qq,53979
" in order to teach them medicine on "" live tissue. "" Hunt eventually embarks on a relationship","[272, 1538, 271, 6203, 612, 7323, 313, 204, 13, 1929, 9450, 204, 25, 204, 13, 21249, 6014, 3862, 8358, 313, 241, 2392]", AF,17973
". The production is scheduled to begin in 2011, and Sarsgaard will reunited with Uncle V","[25, 390, 3146, 304, 8869, 271, 2145, 272, 204, 626, 28, 204, 23, 273, 302, 1099, 53895, 451, 53099, 335, 25327, 553]", setting,4438
-@ team All @-@ Big Ten player and a first @-@ team All @,"[24, 43, 1255, 1495, 204, 43, 24, 43, 5083, 10791, 3850, 273, 241, 772, 204, 43, 24, 43, 1255, 1495, 204, 43]",IVE,10724
" his track accolades, he was an All @-@ state and All @-@ American tail","[545, 2540, 54958, 204, 23, 332, 398, 267, 1495, 204, 43, 24, 43, 1592, 273, 1495, 204, 43, 24, 43, 2281, 6804]", Urugu,42719
" previous year's SummerSlam rating, a 5 @.@ 5 out of","[2732, 649, 204, 18, 94, 9912, 62, 6811, 8689, 204, 23, 241, 204, 32, 204, 43, 25, 43, 204, 32, 495, 275]",""":[",52448
 and Southend. During a 3 – 2 loss against Burton Albion on 26 December,"[273, 35934, 12363, 204, 25, 6599, 241, 204, 30, 204, 600, 204, 29, 2690, 1542, 34276, 18718, 280, 313, 204, 2126, 3960]", convey,12672
" for the song to be a "" more laid @-@ back number "", later played","[312, 248, 3172, 271, 314, 241, 204, 13, 520, 9766, 204, 43, 24, 43, 743, 1386, 204, 13, 204, 23, 2185, 3983]", organise,35730
 with two drinking incidents at The Troubadour : the first when Lennon placed a Kotex on his forehead,"[335, 847, 8773, 17708, 388, 390, 25841, 15073, 377, 204, 37, 248, 772, 635, 49007, 5394, 241, 34853, 956, 313, 545, 21260]", Ripple,63613
" Kumail Nanjiani as Prismo, Ming @-@ Na as Farmworld Finn '","[49290, 549, 21020, 85, 21370, 345, 1700, 8105, 204, 23, 39253, 204, 43, 24, 43, 8585, 345, 8491, 9091, 21564, 204, 18]", donné,39041
" Metallurgical Laboratory, the Ames Project investigated methods of separating plutonium metal from uranium and fission products ","[43753, 25457, 21763, 204, 23, 248, 63367, 5010, 18074, 4300, 275, 32699, 26555, 48069, 5420, 427, 47516, 273, 261, 1619, 1875, 204]",occup,20020
"-@ ten ( 聖天, "" sacred god "" or "" noble god","[24, 43, 3020, 204, 19, 204, 13658, 228, 7858, 204, 23, 204, 13, 18125, 6394, 204, 13, 379, 204, 13, 21035, 6394]",ricular,22699
 under approximately 100 feet ( 30 m,"[813, 7122, 204, 1425, 3827, 204, 19, 204, 1067, 266]",SIG,64217
 current institution. Nominees must have participated in,"[1539, 10459, 204, 25, 22506, 24436, 1309, 413, 15737, 272]", Joy,13983
 to Wilde with a note of apology. Richard,"[271, 51364, 335, 241, 3889, 275, 29045, 204, 25, 8364]",ARE,46277
" be "" cathartic "" for the area","[314, 204, 13, 30017, 40348, 204, 13, 312, 248, 1766]", mothers,15775
 Liverpool's most memorable European matches.,"[20292, 204, 18, 94, 758, 15479, 4588, 9307, 204, 25]", abandoning,53494
" Sean John fragrance "" Unforgivable ","[18422, 2345, 24415, 204, 13, 897, 1806, 82, 27341, 204]",erous,59715
 the eldest child in his family. Records do,"[248, 41772, 1213, 272, 545, 1443, 204, 25, 13957, 441]","=\""",34230
 = = Story = = ,"[204, 40, 204, 40, 9817, 204, 40, 204, 40, 204]", a�,33994
 = = = 11th century,"[204, 40, 204, 40, 204, 40, 204, 1069, 420, 5594]",idery,27831
= = Pakistani public = = ,"[40, 204, 40, 32913, 1202, 204, 40, 204, 40, 204]",IFE,28794
" and lead guitars, piano, ukulele","[273, 1210, 34917, 204, 23, 12382, 204, 23, 11535, 52312]", cbd,10128
. The Rockets would reach the 1994 NBA,"[25, 390, 55562, 631, 3665, 248, 204, 1840, 31, 14682]",uminum,11006
 the Hebrew Theological College Alumni from 1936 to,"[248, 22984, 55458, 4440, 33751, 427, 204, 6128, 33, 271]", ph,805
 = = Challenging the incumbent =,"[204, 40, 204, 40, 10413, 50771, 248, 37437, 204, 40]", boosters,53527
 soundtrack album from the show was released in 200,"[28032, 5026, 427, 248, 1049, 398, 4171, 272, 204, 853]", Liverpool,20292
" to fictional countries of his own devising,","[271, 27184, 3354, 275, 545, 946, 1612, 2037, 204, 23]", fashion,5491
" the video, she is wearing a Brian L","[248, 2028, 204, 23, 674, 304, 6605, 241, 11692, 393]", teachers,6241
 ICASA announced that it would hold public hearings on,"[12871, 48447, 4734, 325, 334, 631, 1975, 1202, 32196, 313]",ineries,60101
" campaign boasted "" The new Talbot Tagora","[3942, 1117, 10936, 204, 13, 390, 627, 62221, 10973, 3511]",ele,10709
 = = Lumber = =,"[204, 40, 204, 40, 393, 3805, 204, 40, 204, 40]",res,394
 inclusion of a football and a TRFC logo ,"[14756, 275, 241, 6130, 273, 241, 9877, 8078, 9167, 204]", feral,63998
 = = = = Family and,"[204, 40, 204, 40, 204, 40, 204, 40, 6222, 273]", parmes,53487
" became the game's four playable races, or Breeds,","[3569, 248, 1404, 204, 18, 94, 1855, 54360, 13325, 204, 23, 379, 5590, 2982, 204, 23]",news,20623
" Nadine Chandrawinata, together with Andini's father","[22257, 438, 24891, 1675, 242, 785, 204, 23, 1774, 335, 899, 3909, 204, 18, 94, 3685]", exec,27744
", on a site which at the start of the 20th century had been","[23, 313, 241, 1692, 585, 388, 248, 910, 275, 248, 204, 423, 420, 5594, 618, 650]", tiene,13000
" any benefits, with Horner stating his opposition to continuing mid @-@ season testing in the future","[607, 3194, 204, 23, 335, 8139, 954, 18095, 545, 11632, 271, 9637, 3852, 204, 43, 24, 43, 2120, 4906, 272, 248, 2108]",Builder,11387
" held the office between 1675 to 1677, when he died in the defence of Malmö","[3053, 248, 2805, 1192, 204, 21635, 32, 271, 204, 21635, 34, 204, 23, 635, 332, 4841, 272, 248, 18983, 275, 4903, 58114]",bold,36538
" deflected from the outer magnetosphere, directed along field lines into Earth's ionosphere, where atmospheric atoms can be excited and ionized ","[44972, 269, 427, 248, 13140, 21762, 7723, 204, 23, 9009, 1858, 2206, 4261, 679, 6490, 204, 18, 94, 20010, 7723, 204, 23, 881, 30532, 26553, 418, 314, 5565, 273, 20010, 1190, 204]", Photographs,60229
" move to New York with Penny and take her and Arizona's daughter, Sofia, with her, Arizona takes Callie to court for sole parental","[1822, 271, 1184, 2798, 335, 32734, 273, 980, 573, 273, 10769, 204, 18, 94, 5195, 204, 23, 38543, 204, 23, 335, 573, 204, 23, 10769, 2869, 64503, 271, 3520, 312, 6620, 26602]",Aim,55247
 trust in the benevolence of the,"[3209, 272, 248, 8668, 5393, 608, 275, 248]", achievements,18268
 did not always help the Government.,"[826, 416, 1304, 733, 248, 6286, 204, 25]", tbsp,22274
", California and The Record Plant in Hollywood","[23, 4299, 273, 390, 14534, 11392, 272, 11332]", cortisol,44179
" – 1815 ). In Mr. Nicholson's circulating journal, (","[204, 600, 204, 14077, 32, 204, 20, 204, 25, 529, 3552, 25, 61696, 204, 18, 94, 33250, 5600, 204, 23, 204, 19]",').,16123
likon guns and two Parachute and Cable projectors. A Type 286 surface @-,"[40168, 245, 12712, 273, 847, 2606, 554, 1220, 273, 19782, 1441, 644, 204, 25, 317, 6276, 204, 32943, 4418, 204, 43, 24]", servicing,32698
 provisional government elected two governors. George W. Johnson was elected at the Russellville Convention and served until his death at the Battle of Shiloh.,"[54246, 2183, 11356, 847, 46382, 204, 25, 6247, 367, 25, 7822, 398, 11356, 388, 248, 16671, 3931, 17241, 273, 5410, 1725, 545, 2787, 388, 248, 14729, 275, 1077, 285, 1259, 204, 25]",tere,23971
" 1 billion years old, this star bears some resemblance to what the Sun may look like in the far","[204, 28, 4777, 909, 1442, 204, 23, 414, 4177, 16550, 596, 45944, 271, 637, 248, 5436, 724, 706, 606, 272, 248, 1825]", voi,42898
" talk sequence, which was commonly used","[1719, 10277, 204, 23, 585, 398, 8906, 1042]", ply,56665
" of whom are being trained to wrestle, as well as one daughter.","[275, 6088, 362, 1003, 8512, 271, 60859, 204, 23, 345, 779, 345, 532, 5195, 204, 25]", congrats,51138
" Bondi, immediately announced their first project, for "" a next @-@ generation Sony","[16801, 84, 204, 23, 4193, 4734, 525, 772, 1441, 204, 23, 312, 204, 13, 241, 1407, 204, 43, 24, 43, 6055, 15311]", él,12286
""", which recounts the grisly deeds of an escaped homicidal maniac, was originally published as "" Mr Cruttwell's","[13, 204, 23, 585, 30118, 94, 248, 55492, 309, 31616, 275, 267, 22352, 4225, 32413, 546, 7964, 204, 23, 398, 8506, 4002, 345, 204, 13, 3552, 4309, 9987, 4878, 204, 18, 94]", Mia,32914
"@-@ faced women declined, and the","[43, 24, 43, 9961, 1920, 16530, 204, 23, 273, 248]",Last,6291
 to this there were 100 Kriegsmarine AAA batteries along the Dutch coast ,"[271, 414, 629, 646, 204, 1425, 43434, 2255, 63093, 30056, 13408, 1858, 248, 14051, 7740, 204]", Santana,63327
 = = = Scandal,"[204, 40, 204, 40, 204, 40, 1537, 13195]", Bolt,42694
", including many Arab and Lebanese Canadians, criticized Harper's description of","[23, 1497, 860, 8065, 273, 46620, 28443, 204, 23, 27917, 22957, 204, 18, 94, 6485, 275]",lat,16691
 today. Seismic stations have been maintained on,"[1722, 204, 25, 1154, 41912, 11226, 413, 650, 11131, 313]", wichtig,30696
" office of Governor General was abandoned in 1669, deemed unnecessary.","[2805, 275, 13726, 4860, 398, 15252, 272, 204, 19832, 36, 204, 23, 17359, 14962, 204, 25]", Lucifer,54688
" are violent and dangerous. Mainstream historians have criticized the book for its inaccuracies and manipulation of facts. Bob Moser, writing for the","[362, 12648, 273, 7124, 204, 25, 6489, 6431, 34106, 413, 27917, 248, 1204, 312, 701, 25787, 323, 18890, 273, 24426, 275, 7698, 204, 25, 9151, 16858, 246, 204, 23, 2607, 312, 248]", Derek,28583
 men and lesbians were able to find jobs,"[1658, 273, 54828, 646, 1469, 271, 931, 4757]",treated,42623
 an area of 17 @.@ 2 square miles ( 45 km2 ). The creek's mouth is in the,"[267, 1766, 275, 204, 1392, 204, 43, 25, 43, 204, 29, 6783, 4794, 204, 19, 204, 2617, 8027, 29, 204, 20, 204, 25, 390, 37339, 204, 18, 94, 4885, 304, 272, 248]", países,34342
 or modern @-@ day Severe,"[379, 3424, 204, 43, 24, 43, 1002, 49660]",paint,59729
. Visible evidence of contamination extended,"[204, 25, 5085, 840, 3941, 275, 25737, 7614]",ochond,29543
s obligations. Page and Dreja began putting a new line @-,"[94, 14606, 204, 25, 7846, 273, 33875, 4404, 3465, 5722, 241, 627, 1739, 204, 43, 24]", poetic,34944
" Sea. In 96 BCE, the","[9519, 204, 25, 529, 204, 9756, 55847, 204, 23, 248]",yield,45834
"1 May 1965 at Wembley Stadium, London.","[28, 1896, 204, 3954, 32, 388, 367, 357, 835, 100, 16961, 204, 23, 4414, 204, 25]",去,8155
-@ second lead at the mile post preceded a period of warnings from umpire Ronnie Howard to both coxes as they contested the same water. Oxford,"[24, 43, 1459, 1210, 388, 248, 10018, 1106, 32399, 241, 2397, 275, 22951, 427, 64756, 533, 53189, 15229, 271, 1216, 739, 99, 255, 345, 506, 41855, 248, 1144, 1391, 204, 25, 14068]",ujemy,33720
" 1976 report by the Catholic Church also estimated the death toll at between 60 @,@ 000 and 100 @,@ 000","[204, 3344, 33, 1416, 431, 248, 9824, 5222, 614, 8719, 248, 2787, 15099, 388, 1192, 204, 1938, 204, 43, 23, 43, 204, 1321, 273, 204, 1425, 204, 43, 23, 43, 204, 1321]", Nic,10200
 that they saw Shay shoot Euell after an argument over a sugar bowl.,"[325, 506, 2759, 47990, 4646, 26191, 433, 852, 267, 6494, 648, 241, 5317, 8216, 204, 25]", frig,39345
 hour ( 3 @.@ ,"[3918, 204, 19, 204, 30, 204, 43, 25, 43, 204]",psis,58006
" of Kronstadt, where Trotsky ordered a military response. In the battle that ensued, 600 sailors were killed ; 2","[275, 63654, 28997, 204, 23, 881, 15241, 915, 2950, 8552, 241, 4869, 3253, 204, 25, 529, 248, 6201, 325, 2160, 2015, 204, 23, 204, 6549, 43214, 646, 6109, 204, 38, 204, 29]", distilled,48030
" on 31 August, and a","[313, 204, 2791, 3333, 204, 23, 273, 241]", Val,3037
able by heavy fines and up to three years'imprisonment. Any act,"[492, 431, 4892, 24501, 273, 510, 271, 1373, 909, 204, 18, 37000, 204, 25, 4331, 714]", Sailing,63273
" Jamri is married to Reem Khalifa, a columnist and reporter working for Al @-@ Wasat and the Associated Press. Unlike Mans","[12052, 365, 304, 6143, 271, 814, 357, 31564, 31256, 204, 23, 241, 44676, 273, 17197, 1660, 312, 1031, 204, 43, 24, 43, 7872, 249, 273, 248, 22906, 5418, 204, 25, 15752, 28599]", Readers,36962
 reaction to this latest turn of events was,"[7678, 271, 414, 3400, 1411, 275, 2863, 398]",kie,12550
 Monica sponsored a sweepstakes from March ,"[27519, 16738, 241, 23183, 40468, 427, 3102, 204]", concentrations,18683
" to Gaghan. USA Films, however, had wanted to take","[271, 401, 51090, 204, 25, 5151, 29866, 204, 23, 2537, 204, 23, 618, 2362, 271, 980]",HS,8335
 Rise in Library Journal. She recognizes,"[27680, 272, 7752, 6158, 204, 25, 1261, 23785]",bug,12121
" are vulnerable to predation by red foxes, pine martens, European hedgehogs, least weasels and domestic dogs, and","[362, 11053, 271, 3251, 326, 431, 2400, 27224, 255, 204, 23, 15953, 13346, 594, 204, 23, 4588, 24780, 83, 11762, 204, 23, 1931, 360, 277, 1097, 273, 8255, 6204, 204, 23, 273]", segu,13935
 of the house team which had won that term ,"[275, 248, 1820, 1255, 585, 618, 2107, 325, 1650, 204]",ova,9208
 Liverpool and saying how much she and Lennon missed him,"[20292, 273, 3225, 672, 866, 674, 273, 49007, 7156, 801]", ovens,55283
 came to an end in 1983,"[2001, 271, 267, 991, 272, 204, 2747, 30]"," 
            ",32315
" 2004. However, until the 2010 observations and recalculations, this planet had been thought to take about 2 @","[204, 853, 31, 204, 25, 2071, 204, 23, 1725, 248, 204, 626, 27, 15348, 273, 56639, 3107, 571, 204, 23, 414, 7712, 618, 650, 1465, 271, 980, 544, 204, 29, 204, 43]",Common,19312
. She had also had a long,"[204, 25, 1261, 618, 614, 618, 241, 916]", invigor,54273
 is The Autocephalous Orthodox Church,"[304, 390, 9501, 333, 747, 14713, 30898, 5222]", pronounce,37760
 tournament held one year before the World Cup at the,"[11693, 3053, 532, 649, 996, 248, 2889, 8067, 388, 248]",Graphics,40751
i was a popular Tamil play written by,"[84, 398, 241, 2637, 28133, 884, 3523, 431]", stabilized,59133
". For example, the following code defines two","[25, 1133, 1945, 204, 23, 248, 1863, 2928, 18698, 847]", registro,60043
 lightning storm made it essential for Spears to depart the stage. Spears began the show during a break between two,"[21515, 7695, 1021, 334, 3978, 312, 52515, 271, 7178, 248, 4204, 204, 25, 52515, 3465, 248, 1049, 1365, 241, 2162, 1192, 847]",ATT,27076
 the early 680s or not long,"[248, 2304, 204, 30284, 94, 379, 416, 916]",antis,28708
", but cultivated records suggest around five or six years. If fire occurs too frequently, plants are","[204, 23, 480, 36382, 5769, 2352, 1111, 2505, 379, 2972, 909, 204, 25, 972, 2858, 9372, 892, 7069, 204, 23, 5561, 362]", pkg,60063
" had filed objections to 17 settlements, with eight objections pending in federal district","[618, 9981, 36471, 271, 204, 1392, 31637, 204, 23, 335, 4707, 36471, 19439, 272, 5116, 7484]", Yamaha,41466
"100 million renovation, Tyson refused to refer to","[1425, 2261, 21998, 204, 23, 45346, 11941, 271, 4059, 271]",Rub,31734
 void in their heart or in their lives is to care about them... For,"[3417, 272, 525, 2055, 379, 272, 525, 3147, 304, 271, 1146, 544, 612, 204, 951, 1133]", replacements,39432
 admitted to St Thomas'Hospital in central London on 7 March 2008 for tests. In 2009 she was hospitalised again when she,"[10981, 271, 574, 6962, 204, 18, 7735, 272, 5213, 4414, 313, 204, 34, 3102, 204, 853, 35, 312, 5918, 204, 25, 529, 204, 853, 36, 674, 398, 4463, 1649, 968, 635, 674]",rop,1256
 the album's centerpiece. Brice,"[248, 5026, 204, 18, 94, 51137, 204, 25, 1862, 474]",w,98
" Purusha ( consciousness ), the knowledge and ignorance, Brahman and Non @","[10684, 1519, 76, 204, 19, 13540, 204, 20, 204, 23, 248, 2882, 273, 22334, 204, 23, 5425, 40089, 273, 6027, 204, 43]", detail,3730
 leading police to the scene. The,"[3736, 3996, 271, 248, 5432, 204, 25, 390]", nineteen,55087
 David Duchovny ) and,"[4653, 361, 718, 620, 2713, 204, 20, 273]",cuno,44751
", Richardson determined to learn to act. He","[23, 32477, 6636, 271, 1730, 271, 714, 204, 25, 707]",Bott,62082
" and to abandon British Museum station was included in a private bill submitted to parliament by the CLR in November 1913, although the First World War prevented","[273, 271, 9544, 5282, 7189, 5663, 398, 3345, 272, 241, 2348, 5194, 10124, 271, 18947, 431, 248, 10271, 61, 272, 3895, 204, 6474, 30, 204, 23, 4424, 248, 3835, 2889, 3710, 20945]", engross,62355
" Coop, I want you to know I 'll get it to you right away. With it goes all the friendship and affection and the admiration","[2004, 387, 204, 23, 295, 729, 299, 271, 655, 295, 204, 18, 567, 577, 334, 271, 299, 894, 1514, 204, 25, 1743, 334, 3271, 455, 248, 14698, 273, 19451, 273, 248, 35853]", leben,55959
ificat ( Bach ) ,"[756, 249, 204, 19, 22921, 204, 20, 204]", defer,37941
" said Amor Mašović, president of the Bosnian government ","[746, 1731, 252, 4944, 4256, 620, 21443, 204, 23, 4179, 275, 248, 16996, 57018, 2183, 204]", Isn,23671
 other key freshman. After two seasons,"[599, 1999, 25112, 204, 25, 2539, 847, 10770]", New,1184
" Turing programming language in 1982,","[301, 966, 9553, 3599, 272, 204, 2747, 29, 204, 23]",ivalent,32151
 which runs along the south side of Mission Valley and,"[585, 5895, 1858, 248, 6520, 1753, 275, 13785, 7195, 273]",515,35955
" emerged that Roger Mortimer himself was responsible for leading Edmund into this belief, in a form of entrapment. The plot was revealed, and","[14875, 325, 18451, 12377, 8306, 3448, 398, 4762, 312, 3736, 39990, 679, 414, 9599, 204, 23, 272, 241, 1052, 275, 833, 1696, 406, 204, 25, 390, 8965, 398, 7436, 204, 23, 273]", Jonas,40010
 son Rocco appeared mouthing the chorus.,"[1990, 382, 22432, 6248, 4885, 263, 248, 32161, 204, 25]",uces,38512
 water. Oxford held a canvas'lead as the crews passed under Hammersmith Bridge and began to,"[1391, 204, 25, 14068, 3053, 241, 15482, 204, 18, 1210, 345, 248, 28405, 4710, 813, 370, 24333, 18446, 12346, 273, 3465, 271]", responsables,58823
 League Third Division Manager of the Season ,"[7036, 13839, 9952, 6809, 275, 248, 10335, 204]", avez,22435
" ). "" The History of Macroeconomics Viewed against the Background of the Marshall @","[204, 20, 204, 25, 204, 13, 390, 7187, 275, 48225, 705, 41534, 5655, 269, 1542, 248, 26266, 275, 248, 19868, 204, 43]",design,21413
"@-@ François Larios,","[43, 24, 43, 48181, 393, 8381, 204, 23]", space,2151
 makes dead men speak. After he,"[1798, 3617, 1658, 2910, 204, 25, 2539, 332]", UNICEF,56659
"@,@ 500 Soviet troops died. In the wake of these events","[43, 23, 43, 204, 3087, 16023, 12092, 4841, 204, 25, 529, 248, 9810, 275, 783, 2863]",uckle,34557
"osphere will cause an increase in erosion of light elements, particularly hydrogen, from the Earth's","[7723, 451, 2887, 267, 2638, 272, 36039, 275, 1547, 4803, 204, 23, 4235, 16777, 204, 23, 427, 248, 6490, 204, 18, 94]", poles,31458
" assessments by some psychologists classifying Goldwater as unfit for office. Goldwater was eventually compensated $ 75 @,@ 000 in a","[19524, 431, 596, 47646, 1234, 4543, 4305, 6289, 345, 4819, 256, 312, 2805, 204, 25, 4305, 6289, 398, 6014, 35582, 204, 15, 204, 3210, 204, 43, 23, 43, 204, 1321, 272, 241]", due,2159
 which take an AC voltage as input and outputs a,"[585, 980, 267, 8964, 16079, 345, 5198, 273, 25867, 241]", wrapping,26109
& BR and CLR involving two sets of lifts was considered a weakness in the network. A below ground,"[17, 15481, 273, 10271, 61, 10121, 847, 5802, 275, 29096, 398, 3558, 241, 13043, 272, 248, 3041, 204, 25, 317, 2249, 2853]",steel,47064
" the time, and do not necessarily reflect current mileage. R reflects a realignment in the route since","[248, 601, 204, 23, 273, 441, 416, 8482, 4465, 1539, 31011, 204, 25, 382, 14555, 241, 1059, 16325, 272, 248, 7128, 1428]", Rak,41570
 do during the Down to the Countryside Movement of the Cultural Revolution. As,"[441, 1365, 248, 10174, 271, 248, 10269, 1846, 21192, 275, 248, 19684, 15999, 204, 25, 1130]",需要,30872
", the 93rd season of","[204, 23, 248, 204, 10708, 5138, 2120, 275]", Lucy,21340
 though the cruiser quickly fled. Sheffield,"[1792, 248, 54642, 2976, 22032, 204, 25, 42765]",hurst,36241
 reigning Emperor of All the Russias ,"[60560, 25315, 275, 1495, 248, 3374, 3761, 204]", Perf,45439
 move 1 @.@ ,"[1822, 204, 28, 204, 43, 25, 43, 204]", AES,58733
2007. The U.S. base prices for the 2007 LS 460 and LS 460 L were US $ 61 @,"[853, 34, 204, 25, 390, 493, 25, 62, 25, 2995, 4102, 312, 248, 204, 853, 34, 31586, 204, 27496, 273, 31586, 204, 27496, 393, 646, 1571, 204, 15, 204, 7892, 204, 43]", nooit,63825
 3 November and 12 April 1943. Her armament was,"[204, 30, 3895, 273, 204, 928, 3242, 204, 5387, 30, 204, 25, 2783, 4523, 1639, 398]", Vanderbilt,50369
" more often performed there by his deputy, the","[520, 1764, 6016, 629, 431, 545, 22959, 204, 23, 248]", bright,5429
" of Montreal, completed numerous surveys and maps of the North American frontier.","[275, 23160, 204, 23, 5326, 5593, 16632, 273, 11793, 275, 248, 3082, 2281, 38679, 204, 25]", initiated,21154
 feigned injury as the brief hamstring cramp was caused by drug abuse. The English sprinters had,"[566, 3793, 5967, 345, 248, 5849, 9933, 4351, 1228, 1006, 398, 5229, 431, 4800, 7783, 204, 25, 390, 3536, 6353, 25518, 618]",entlich,23759
"el Cove. This track, another old pony track, then zig","[286, 33908, 204, 25, 735, 2540, 204, 23, 1382, 1442, 30781, 2540, 204, 23, 832, 53246]",Advertising,60860
" writing that "" [ T ] he Red Queen told Alice that she","[2607, 325, 204, 13, 204, 70, 301, 204, 72, 332, 3509, 8971, 2276, 16597, 325, 674]", Alert,28840
", Sarah Ann Derbyshire, in 1836, and","[204, 23, 10617, 5142, 8337, 51908, 10760, 204, 23, 272, 204, 12315, 33, 204, 23, 273]", Dragon,14307
" approximately 32 @,@ 000 artifacts, international in scope, which include ship models, scrimshaw, maritime paintings,","[7122, 204, 2485, 204, 43, 23, 43, 204, 1321, 28580, 204, 23, 3502, 272, 9746, 204, 23, 585, 1965, 5938, 4287, 204, 23, 641, 3681, 43475, 204, 23, 33191, 15091, 204, 23]", Clemson,57504
 Bratislava is twinned with ,"[60098, 4739, 3269, 304, 748, 14092, 335, 204]", OV,59459
 concentrated German mortar fire as the Sherbrooke Fusiliers de @,"[20664, 6438, 33185, 2858, 345, 248, 9608, 7583, 3141, 378, 359, 2211, 358, 336, 204, 43]", vuole,50976
 nor usually are there any audible pauses between words. Segments therefore are distinguished by their distinct sounds which are,"[6044, 2767, 362, 629, 607, 48940, 61455, 1192, 2489, 204, 25, 22486, 806, 4859, 362, 21780, 431, 525, 7592, 4914, 585, 362]", Marijuana,44429
 value of the coins close to their face value ,"[1881, 275, 248, 12774, 2469, 271, 525, 1936, 1881, 204]", Architecture,20244
 captured. The German army celebrated the victory and demonstrated its might with a major,"[12302, 204, 25, 390, 6438, 9950, 14374, 248, 9071, 273, 11433, 701, 1295, 335, 241, 2084]",381,39215
 and Android devices. The game combines,"[273, 6277, 4398, 204, 25, 390, 1404, 16652]", voir,17811
" days later, having found work, she returns to Puncak to pick up Hadidjah and take her to Batavia. However,","[1522, 2185, 204, 23, 1728, 1217, 633, 204, 23, 674, 6930, 271, 337, 5061, 452, 271, 2421, 510, 13380, 300, 46435, 273, 980, 573, 271, 10952, 23257, 204, 25, 2071, 204, 23]",<<,503
 the plant family Proteaceae endemic to Australia.,"[248, 3293, 1443, 35587, 53635, 47692, 271, 5403, 204, 25]",dos,37247
" contempt, at worst with hostility ","[31521, 204, 23, 388, 7290, 335, 44944, 204]", Ames,63367
 Bechirian. It went straight to number one in Ireland on its release on 14 October 2005 and to date has sold five @,"[1323, 327, 330, 715, 204, 25, 605, 2129, 3907, 271, 1386, 532, 272, 9226, 313, 701, 3586, 313, 204, 1279, 3692, 204, 853, 32, 273, 271, 2831, 504, 3704, 2505, 204, 43]",foreign,60550
ling one member of the audience at one point. Still photos of Minaj were projected on video screens with,"[1366, 532, 3281, 275, 248, 5111, 388, 532, 1151, 204, 25, 8933, 4009, 275, 2387, 1139, 646, 19360, 313, 2028, 10951, 335]", rebellion,35522
 rise in antisemitism in France. One,"[5923, 272, 40455, 357, 32806, 272, 5582, 204, 25, 2146]", Horm,43408
" During the war, the Hungarian government resettled some of its pre @-@ war population in","[6599, 248, 2694, 204, 23, 248, 36700, 2183, 560, 2343, 1046, 596, 275, 701, 634, 204, 43, 24, 43, 2694, 4558, 272]",90,2687
" Church is representative of a "" simple design and","[5222, 304, 11093, 275, 241, 204, 13, 2299, 1168, 273]", Bites,60960
"s Greatest Hits : My Prerogative [... ] captured the highlights from Britney's heyday, but lacks the more mature","[94, 39751, 46626, 204, 37, 1814, 3326, 8152, 998, 204, 70, 204, 951, 204, 72, 12302, 248, 11186, 427, 53400, 204, 18, 94, 19291, 865, 204, 23, 480, 23508, 248, 520, 12819]",cerin,57519
"11th funniest moment in video games by Rich Knight of Complex in 2012 ), Friendship and Babality finishing moves, and the ceiling ","[1069, 420, 57057, 2238, 272, 2028, 2106, 431, 4969, 19134, 275, 20995, 272, 204, 626, 29, 204, 20, 204, 23, 51915, 273, 13916, 1276, 13168, 8638, 204, 23, 273, 248, 12612, 204]",ulance,26571
 his mission to Northumbria. He was a member of the Gregorian mission which came to England to,"[545, 5276, 271, 3082, 2569, 5095, 204, 25, 707, 398, 241, 3281, 275, 248, 12083, 30129, 5276, 585, 2001, 271, 6118, 271]", Han,13242
" operatic "". He also said, "" Its lyrics are the blow @-@ up @-@ your @-@","[1556, 1811, 204, 13, 204, 25, 707, 614, 746, 204, 23, 204, 13, 6054, 16863, 362, 248, 10137, 204, 43, 24, 43, 510, 204, 43, 24, 43, 402, 204, 43, 24, 43]", cohort,24434
"y Stadium, London. It was the","[100, 16961, 204, 23, 4414, 204, 25, 605, 398, 248]",includ,4053
 25 feet ( 7 @.@ 6 m ),"[204, 1395, 3827, 204, 19, 204, 34, 204, 43, 25, 43, 204, 33, 266, 204, 20]", tort,10102
" na no "" ( なの ","[2326, 658, 204, 13, 204, 19, 204, 44785, 24693, 204]",cream,33301
" actual score is irrelevant, only the","[4215, 5179, 304, 23981, 204, 23, 736, 248]", cons,749
" Bedells took over from Pollard as his stage partner, with Anita Elson and Leon Errol as","[8278, 6437, 2065, 648, 427, 18765, 435, 345, 545, 4204, 4386, 204, 23, 335, 39832, 2346, 1799, 273, 13673, 3705, 1338, 345]", Vin,10909
" Bill Caraher ( University of North Dakota ), with support from","[6216, 59717, 372, 204, 19, 2000, 275, 3082, 19723, 204, 20, 204, 23, 335, 1164, 427]",tone,21029
. The Founder's Award is given by Order of the Arrow lodges in honor of OA co @-@ founders Goodman and Edson.,"[25, 390, 25234, 204, 18, 94, 7527, 304, 2132, 431, 8059, 275, 248, 33815, 21301, 2771, 272, 8475, 275, 54272, 739, 204, 43, 24, 43, 25834, 45672, 273, 2625, 1799, 204, 25]", Meng,56037
"ad's husband Ordway Tead served as chairman of the board of trustees. The school gradually improved its academic scope and standing, and was","[308, 204, 18, 94, 4723, 20261, 989, 1429, 308, 5410, 345, 17686, 275, 248, 3440, 275, 43351, 204, 25, 390, 1473, 13602, 6899, 701, 6836, 9746, 273, 6268, 204, 23, 273, 398]",ELE,58732
" on the road as it was in 1964, based on the alignment that existed at the time, and do not necessarily reflect current mileage.","[313, 248, 3006, 345, 334, 398, 272, 204, 3954, 31, 204, 23, 1934, 313, 248, 18672, 325, 16270, 388, 248, 601, 204, 23, 273, 441, 416, 8482, 4465, 1539, 31011, 204, 25]", NOW,20018
" sections Oslo – Stockholm and Gothenburg – Copenhagen, Linx operated X2 electric multiple units","[9866, 44539, 204, 600, 30033, 273, 16499, 473, 6684, 204, 600, 37222, 204, 23, 8329, 99, 13388, 1876, 29, 4782, 3381, 6398]", disfr,31669
 Empire concluded the Peace of Bautzen in January 1018. Later,"[14569, 13494, 248, 13488, 275, 341, 1197, 2864, 272, 3675, 204, 7990, 35, 204, 25, 15743]", slew,43271
", titanium, carbon, oxygen, silicon, and others, are required to produce","[204, 23, 40277, 204, 23, 7151, 204, 23, 11913, 204, 23, 33224, 204, 23, 273, 1885, 204, 23, 362, 2554, 271, 4634]",doesn,64282
" a bandaged Ron repeatedly berates Leslie, prompting Ann to insist Tom come forward. Tom admits he shot Ron, and that Leslie covered for him","[241, 4129, 3583, 10173, 15432, 9400, 750, 33991, 204, 23, 41637, 5142, 271, 21861, 5736, 1239, 2662, 204, 25, 5736, 29702, 332, 4556, 10173, 204, 23, 273, 325, 33991, 5178, 312, 801]", turnout,40986
 no stations reported gale force winds or,"[658, 11226, 3713, 294, 895, 4091, 17449, 379]",alte,58593
" cancer in childhood and the most common cancer in infancy, with an incidence of","[4693, 272, 10279, 273, 248, 758, 2260, 4693, 272, 53489, 204, 23, 335, 267, 22002, 275]", Dj,25364
" reign. As the fate of the Earth hangs in the balance, Raven, with the help of Professor X, must lead the X @","[19274, 204, 25, 1130, 248, 15986, 275, 248, 6490, 38506, 272, 248, 5068, 204, 23, 33106, 204, 23, 335, 248, 733, 275, 8540, 1876, 204, 23, 1309, 1210, 248, 1876, 204, 43]",VC,13085
000 civilians in East Timor. This is,"[1321, 24462, 272, 4704, 6349, 252, 204, 25, 735, 304]",Multi,25184
. The World Health Organization recommends a daily intake of 250 µg for pregnant and breastfeeding women. As,"[204, 25, 390, 2889, 2824, 13394, 19612, 241, 3568, 14250, 275, 204, 5909, 61983, 312, 10467, 273, 29883, 1920, 204, 25, 1130]", Lors,43803
", the High Priestess, Death and","[204, 23, 248, 3132, 33594, 368, 204, 23, 11978, 273]", LIMIT,51566
" Vogler proposes and succeeds in obtaining Wilson's dismissal, but Wilson is soon reinstated thanks to","[39133, 2239, 33911, 273, 47848, 272, 16503, 11919, 204, 18, 94, 40399, 204, 23, 480, 11919, 304, 2538, 37147, 522, 4068, 271]", Keeper,51647
 sanctioned the killing of his uncle. It was,"[51756, 248, 10103, 275, 545, 18568, 204, 25, 605, 398]",::,1504
" before heading north of an office park and reaching an interchange with I @-@ 95. Following this interchange, PA 332 becomes a two","[996, 10563, 6775, 275, 267, 2805, 3707, 273, 10255, 267, 31440, 335, 295, 204, 43, 24, 43, 204, 3840, 204, 25, 14928, 414, 31440, 204, 23, 8348, 204, 33580, 5271, 241, 847]", HE,12740
" opened in March 2010. Livingstone's successor, Boris Johnston, favours","[5177, 272, 3102, 204, 626, 27, 204, 25, 10597, 8075, 204, 18, 94, 30713, 204, 23, 35839, 42415, 204, 23, 5203, 1466]", nit,13307
" system. Umbricht was drafted by the Colt.45s in 1962, and became","[1092, 204, 25, 49117, 14059, 398, 28585, 431, 248, 64692, 204, 25, 2617, 94, 272, 204, 3954, 29, 204, 23, 273, 3569]", Belle,27964
"( 1 @,@ ","[19, 204, 28, 204, 43, 23, 43, 204]",immung,47919
u Pani. R. Ilangovan of Frontline stated that while,"[96, 337, 4410, 204, 25, 382, 25, 4390, 642, 19872, 275, 10469, 888, 6293, 325, 1093]", translator,38034
" "" data recorder did not record anything on the day of the accident,","[204, 13, 1211, 43670, 826, 416, 2081, 2087, 313, 248, 1002, 275, 248, 5764, 204, 23]",ided,2563
" been absorbed into Japanese artistic culture,","[650, 22185, 679, 6944, 14219, 3922, 204, 23]", MS,7714
"'s Marie Curie : A Life, which emphasizes Marie's role as a feminist","[204, 18, 94, 17275, 7739, 396, 204, 37, 317, 4880, 204, 23, 585, 33120, 17275, 204, 18, 94, 2836, 345, 241, 27291]",assign,36031
", it took six years for Harrison to find an editor willing to accept the story ; when Aldiss bought it for an anthology, Carnell agreed to","[23, 334, 2065, 2972, 909, 312, 23673, 271, 931, 267, 6862, 5329, 271, 2624, 248, 1962, 204, 38, 635, 19934, 740, 5659, 334, 312, 267, 47983, 204, 23, 23129, 433, 7213, 271]", cuad,49200
"= π, the nonterminating decimal representation","[40, 55504, 204, 23, 248, 1462, 21233, 773, 39559, 11402]",RS,7679
" A special Fire Court was set up to deal with disputes between tenants and landlords and decide who should rebuild,","[317, 1733, 5848, 4941, 398, 889, 510, 271, 2066, 335, 23386, 1192, 22646, 273, 39655, 273, 5221, 569, 808, 17789, 204, 23]", ceremonies,33808
" the Middle Stone Age. In the same area, an unusually large ( 18 @-@ metre or 59 @-@ foot","[248, 8705, 10245, 10374, 204, 25, 529, 248, 1144, 1766, 204, 23, 267, 39423, 1902, 204, 19, 204, 1121, 204, 43, 24, 43, 54713, 379, 204, 5587, 204, 43, 24, 43, 2772]", fish,5291
 Mayor Ralph J. Perk.,"[15973, 20797, 462, 25, 2403, 86, 204, 25]",�,13019
" Atlantic hurricane season, Florence developed from a tropical wave in the eastern Atlantic Ocean on September 3.","[14130, 30405, 2120, 204, 23, 26115, 4027, 427, 241, 17512, 8564, 272, 248, 16896, 14130, 13146, 313, 3278, 204, 30, 204, 25]",azel,51357
 is haunted by the ghost of Elinore Knott. Author Karen Stevens,"[304, 33541, 431, 248, 13613, 275, 2346, 242, 376, 7929, 1470, 204, 25, 6974, 19086, 30814]", autob,59868
 65 mph ( 100 km / h ). It,"[204, 4224, 24846, 204, 19, 204, 1425, 8027, 204, 26, 278, 204, 20, 204, 25, 605]", acab,34349
"6, Martin and his son, Giles Martin, remixed ","[33, 204, 23, 7772, 273, 545, 1990, 204, 23, 63536, 7772, 204, 23, 850, 9160, 204]", Locke,42356
 appearance fees in post @-@ Tour criteriums to help secure his financial future after retirement.,"[6668, 6335, 272, 1106, 204, 43, 24, 43, 7488, 2406, 246, 50501, 271, 733, 4952, 545, 2785, 2108, 852, 9517, 204, 25]", Accordingly,37381
" At the beginning of the Cultural Revolution, having gained the support of leftist radicals in Beijing, Liu successfully overthrew his superior Wei Heng and became","[1570, 248, 4118, 275, 248, 19684, 15999, 204, 23, 1728, 10345, 248, 1164, 275, 56640, 37557, 272, 19630, 204, 23, 27830, 7818, 648, 420, 2340, 545, 8975, 36259, 370, 1272, 273, 3569]", Projek,47714
". Johnson retained his first team place, making 48 appearances and scoring","[204, 25, 7822, 23421, 545, 772, 1255, 1237, 204, 23, 1591, 204, 3654, 19893, 273, 14507]",Ready,22395
 at number thirty @-@ one on the UK Singles Chart. Cher promoted the song through appearances at,"[388, 1386, 12923, 204, 43, 24, 43, 532, 313, 248, 3824, 34901, 18134, 204, 25, 14576, 18032, 248, 3172, 788, 19893, 388]", anxiously,61160
" and behaviour, often with extensive quotations from printed sources or correspondents. Those who provided skins or information are acknowledged. The species are grouped into families","[273, 11390, 204, 23, 1764, 335, 7951, 49859, 427, 10143, 5331, 379, 6334, 586, 204, 25, 7079, 569, 2930, 31257, 379, 1150, 362, 18259, 204, 25, 390, 6114, 362, 38021, 679, 4441]", preg,21540
"elle region, and sent its first elements into combat at St. Remy in the Vosges Mountains on 1 November 1944. The division","[3177, 4145, 204, 23, 273, 2279, 701, 772, 4803, 679, 9902, 388, 574, 25, 3848, 100, 272, 248, 63100, 2771, 23418, 313, 204, 28, 3895, 204, 5387, 31, 204, 25, 390, 9936]",ь,21271
" Dave ended up playing the sax line in fuzz guitar and it took the song a step further. "" The band then began to perform the new track in","[12623, 5738, 510, 3133, 248, 38935, 1739, 272, 63309, 9556, 273, 334, 2065, 248, 3172, 241, 2006, 2515, 204, 25, 204, 13, 390, 4129, 832, 3465, 271, 1500, 248, 627, 2540, 272]", PPP,47452
18 and 19. The two unused Saturn Vs became museum exhibits at the John F. Kennedy Space Center,"[1121, 273, 204, 660, 204, 25, 390, 847, 27837, 33670, 27516, 3569, 9427, 23280, 388, 248, 2345, 378, 25, 16418, 9058, 3195]",onies,28144
" married Annie Stacy Lloyd, daughter of Major General Banastyre Pryce Lloyd","[6143, 26313, 56018, 26088, 204, 23, 5195, 275, 12461, 4860, 11688, 11227, 244, 56996, 333, 26088]", shocked,16173
" board, 111 died in the accident and 185 survived. Despite the deaths, the accident is considered a prime example of successful crew resource management","[3440, 204, 23, 204, 11282, 4841, 272, 248, 5764, 273, 204, 11127, 16309, 204, 25, 10744, 248, 10573, 204, 23, 248, 5764, 304, 3558, 241, 9079, 1945, 275, 4063, 8994, 6406, 2579]", rabbits,33460
", the perpetrator could be held as an accomplice. Damnum iniuria datum focussed on","[204, 23, 248, 14322, 27069, 765, 314, 3053, 345, 267, 6093, 474, 204, 25, 8901, 9863, 58156, 37360, 2964, 381, 59199, 313]",oi,5214
"May, Chief of Staff of the Strategic Air Forces. First Lieutenant J. Ivan Potts served as","[5527, 204, 23, 7825, 275, 10745, 275, 248, 22060, 3780, 24411, 204, 25, 3835, 35468, 462, 25, 29712, 7365, 915, 5410, 345]",ares,3682
 tournament. He made his first appearance at the Winter Olympics in 1994,"[11693, 204, 25, 707, 1021, 545, 772, 6668, 388, 248, 11451, 20591, 272, 204, 1840, 31]",具有,58043
 next postings included various adjutant and quartermaster roles at battery and brigade level in the 2nd and 3rd Military Districts. Later he,"[1407, 44283, 3345, 2458, 23361, 320, 384, 273, 5273, 13166, 8669, 388, 6308, 273, 53746, 1445, 272, 248, 204, 29, 343, 273, 204, 30, 5138, 17553, 4534, 14104, 204, 25, 15743, 332]", but,480
 his poetic efforts. The book was,"[545, 34944, 4849, 204, 25, 390, 1204, 398]", Mw,50291
